,fpr,tpr,thresholds
0,0.0,0.0,2.0
1,3.0043563166591557e-05,0.009245204912377536,1.0
2,6.0087126333183114e-05,0.009245204912377536,0.9995
3,0.000270392068499324,0.009245204912377536,0.9983619047619048
4,0.00039056632116569025,0.012832896370912101,0.998
5,0.00039056632116569025,0.015040706499241066,0.996
6,0.00039056632116569025,0.015592659031323307,0.994
7,0.0004506534474988734,0.016006623430384986,0.9937166666666666
8,0.0004506534474988734,0.017110528494549467,0.992
9,0.0004506534474988734,0.01862839795777563,0.99
10,0.0005107405738320565,0.01862839795777563,0.9886666666666667
11,0.0005107405738320565,0.019456326755898992,0.988
12,0.0005107405738320565,0.020146267421001795,0.986
13,0.0005107405738320565,0.021526148751207397,0.984
14,0.0005107405738320565,0.02263005381537188,0.982
15,0.000540784136998648,0.02373395887953636,0.98
16,0.0006309148264984228,0.02373395887953636,0.9786666666666666
17,0.0006309148264984228,0.02456188767765972,0.978
18,0.0006609583896650142,0.02483786394370084,0.976
19,0.0006609583896650142,0.025941769007865323,0.974
20,0.0006910019528316058,0.026079757140885885,0.9735999999999999
21,0.0006910019528316058,0.026907685939009246,0.972
22,0.0007510890791647889,0.026907685939009246,0.9701666666666667
23,0.0008111762054979721,0.028011591003173728,0.97
24,0.0008111762054979721,0.030357389264523253,0.968
25,0.0008111762054979721,0.03146129432868773,0.964
26,0.0008111762054979721,0.031599282461708296,0.963
27,0.0008111762054979721,0.03339312819097558,0.962
28,0.0008111762054979721,0.0343590451221195,0.96
29,0.0008412197686645636,0.0343590451221195,0.9584761904761904
30,0.0008412197686645636,0.0357389264523251,0.958
31,0.0008412197686645636,0.035876914585345664,0.9573333333333334
32,0.0008412197686645636,0.03725679591555126,0.956
33,0.0008412197686645636,0.03739478404857182,0.9556666666666667
34,0.0008412197686645636,0.038912653511797984,0.954
35,0.0008412197686645636,0.03918862977783911,0.9524666666666667
36,0.0008712633318311552,0.04043052297502415,0.952
37,0.0009313504581643383,0.042362356837311994,0.95
38,0.0009613940213309298,0.04374223816751759,0.948
39,0.0010515247108307045,0.0451221194977232,0.946
40,0.0011116118371638877,0.04677797709396992,0.944
41,0.0011416554003304792,0.04677797709396992,0.9424
42,0.0011416554003304792,0.04801987029115496,0.942
43,0.0011716989634970709,0.04815785842417552,0.9400484126984127
44,0.0011716989634970709,0.04981371602042224,0.94
45,0.0012618296529968455,0.04981371602042224,0.9396095238095238
46,0.001291873216163437,0.05160756174968953,0.938
47,0.001291873216163437,0.051883538015730646,0.9375
48,0.0013219167793300285,0.053677383744997934,0.936
49,0.0013219167793300285,0.05381537187801849,0.935
50,0.0013219167793300285,0.056161170139368013,0.934
51,0.0013820039056632117,0.057817027735614736,0.932
52,0.0014120474688298031,0.057817027735614736,0.9318999999999998
53,0.0014120474688298031,0.057955015868635294,0.9306666666666666
54,0.0014721345951629863,0.05947288533186146,0.93
55,0.0015322217214961695,0.061266731061128746,0.928
56,0.0015322217214961695,0.061404719194149304,0.9278404761904763
57,0.0016223524109959442,0.06154270732716986,0.9277666666666665
58,0.0016523959741625357,0.06154270732716986,0.9266333333333334
59,0.0017725702268289018,0.06319856492341659,0.926
60,0.0018026137899954935,0.06471643438664275,0.924
61,0.001832657353162085,0.06485442251966331,0.9223333333333333
62,0.0018627009163286767,0.06609631571684835,0.922
63,0.0018627009163286767,0.06720022078101283,0.92
64,0.0018927444794952682,0.06733820891403339,0.9190170995670996
65,0.0019227880426618596,0.0700979715744446,0.918
66,0.0019528316058284513,0.072167793569753,0.916
67,0.0019528316058284513,0.07230578170277356,0.915
68,0.0019828751689950426,0.0735476748999586,0.914
69,0.002103049421661409,0.07465157996412308,0.912
70,0.002103049421661409,0.07616944942734925,0.91
71,0.002103049421661409,0.07823927142265766,0.908
72,0.002163136547994592,0.07989512901890437,0.906
73,0.0022232236743277753,0.07989512901890437,0.9043928571428571
74,0.0022833108006609583,0.0808610459500483,0.904
75,0.00231335436382755,0.08099903408306885,0.9035
76,0.00231335436382755,0.08334483234441838,0.902
77,0.00231335436382755,0.08348282047743893,0.901
78,0.0023433979269941417,0.0856906306057679,0.9
79,0.002373441490160733,0.08872636953222023,0.898
80,0.002433528616493916,0.09176210845867255,0.896
81,0.002523659305993691,0.09176210845867255,0.8942690476190477
82,0.0025537028691602825,0.09327997792189871,0.894
83,0.0025537028691602825,0.09341796605491928,0.893
84,0.0025537028691602825,0.09617772871533048,0.892
85,0.002583746432326874,0.09824755071063888,0.89
86,0.0026738771218266484,0.09824755071063888,0.8882000000000001
87,0.002733964248159832,0.10031737270594729,0.888
88,0.002733964248159832,0.10045536083896785,0.8871333333333333
89,0.0027640078113264233,0.1023871947012557,0.886
90,0.0028541385008261978,0.1044570166965641,0.884
91,0.0028841820639927897,0.10638885055885194,0.882
92,0.002974312753492564,0.10845867255416035,0.88
93,0.0031545741324921135,0.10845867255416035,0.8793333333333332
94,0.0032447048219918883,0.11052849454946874,0.878
95,0.0032447048219918883,0.11066648268248931,0.8770992063492068
96,0.0033047919483250713,0.11066648268248931,0.8763444055944059
97,0.003394922637824846,0.11315026907685939,0.876
98,0.003394922637824846,0.11328825720987995,0.8746809523809524
99,0.003515096890491212,0.11563405547122947,0.874
100,0.003515096890491212,0.11591003173727059,0.8726666666666667
101,0.003605227579990987,0.11825582999862012,0.872
102,0.00366531470632417,0.11825582999862012,0.8704571428571429
103,0.0036953582694907615,0.12101559265903132,0.87
104,0.0037854889589905363,0.12363736718642197,0.868
105,0.0038455760853237193,0.12363736718642197,0.8667999999999999
106,0.0039056632116569027,0.12584517731475092,0.866
107,0.003995793901156677,0.12777701117703877,0.864
108,0.004146011716989635,0.12791499931005934,0.8632698412698419
109,0.004146011716989635,0.12805298744307989,0.8620666666666668
110,0.004266185969656001,0.13095073823651165,0.862
111,0.004296229532822593,0.13095073823651165,0.8619777777777777
112,0.004356316659155776,0.1328825720987995,0.86
113,0.004386360222322368,0.13302056023182007,0.8593761904761906
114,0.0046267087276551,0.13619428729129296,0.858
115,0.0047168394171548745,0.1381261211535808,0.856
116,0.0047168394171548745,0.13826410928660135,0.855
117,0.004746882980321466,0.13840209741962192,0.854165234765235
118,0.004897100796154424,0.13991996688284808,0.854
119,0.004927144359321015,0.14005795501586862,0.8536666666666666
120,0.005107405738320565,0.14254174141023873,0.852
121,0.005137449301487156,0.14254174141023873,0.8509666666666666
122,0.005167492864653748,0.14543949220367047,0.85
123,0.005257623554153523,0.1475093141989789,0.848
124,0.005287667117320114,0.1475093141989789,0.8473666666666666
125,0.005407841369986481,0.14861321926314336,0.846
126,0.005437884933153072,0.14861321926314336,0.8459896825396827
127,0.00558810274898603,0.15068304125845178,0.844
128,0.0056782334384858045,0.15413274458396578,0.842
129,0.005828451254318762,0.15634055471229474,0.84
130,0.005918581943818537,0.15868635297364428,0.838
131,0.005918581943818537,0.15882434110666482,0.8372380952380952
132,0.005948625506985128,0.15882434110666482,0.8366666666666667
133,0.006008712633318311,0.16158410376707602,0.836
134,0.006068799759651495,0.16323996136332275,0.834
135,0.006158930449151269,0.1658617358907134,0.832
136,0.006188974012317861,0.1658617358907134,0.8316
137,0.006188974012317861,0.16599972402373395,0.8310714285714287
138,0.006309148264984227,0.16779356975300125,0.83
139,0.006339191828150819,0.16779356975300125,0.8297333333333334
140,0.006459366080817185,0.16958741548226852,0.828
141,0.006579540333483552,0.17220919000965917,0.826
142,0.006609583896650143,0.17234717814267972,0.8255952380952379
143,0.0066396274598167345,0.17234717814267972,0.82475
144,0.006879975965149466,0.17579688146819372,0.824
145,0.00694006309148265,0.17579688146819372,0.8234
146,0.007030193780982424,0.17910859666068718,0.822
147,0.007060237344149016,0.17910859666068718,0.8205555555555553
148,0.007240498723148565,0.18117841865599557,0.82
149,0.00733062941264834,0.18117841865599557,0.8198285714285716
150,0.007601021481147664,0.18407616944942734,0.818
151,0.007841369986480396,0.1860080033117152,0.816
152,0.007871413549646988,0.1860080033117152,0.8151333333333333
153,0.00811176205497972,0.18766386090796192,0.814
154,0.008141805618146312,0.18766386090796192,0.8139081307581307
155,0.008352110560312454,0.1897336829032703,0.812
156,0.008352110560312454,0.18987167103629088,0.8112833333333334
157,0.008382154123479044,0.18987167103629088,0.8108333333333333
158,0.008382154123479044,0.19000965916931145,0.8103333333333333
159,0.008532371939312002,0.19263143369670208,0.81
160,0.008532371939312002,0.19276942182972265,0.8085000000000001
161,0.008652546191978368,0.19608113702221608,0.808
162,0.00868258975514496,0.19608113702221608,0.8070476190476191
163,0.008742676881478144,0.19608113702221608,0.8067437229437227
164,0.008983025386810875,0.19925486408168896,0.806
165,0.00904311251314406,0.20187663860907962,0.804
166,0.009103199639477241,0.20187663860907962,0.8029666666666668
167,0.009283461018476791,0.20408444873740858,0.802
168,0.009343548144809975,0.20408444873740858,0.8009190476190476
169,0.009403635271143157,0.20698219953084035,0.8
170,0.009433678834309749,0.20698219953084035,0.7993333333333333
171,0.009553853086976115,0.21043190285635435,0.798
172,0.009583896650142707,0.21043190285635435,0.7966666666666666
173,0.009794201592308848,0.21250172485166274,0.796
174,0.009794201592308848,0.2127777011177039,0.7946666666666666
175,0.010244855039807722,0.21470953497999173,0.794
176,0.010244855039807722,0.21484752311301228,0.7938023809523809
177,0.010455159981973862,0.2178832620394646,0.792
178,0.010485203545140454,0.2178832620394646,0.791
179,0.01060537779780682,0.219953084034773,0.79
180,0.010665464924140004,0.219953084034773,0.7899436507936511
181,0.011025987682139101,0.2220229060300814,0.788
182,0.01117620549797206,0.22464468055747205,0.786
183,0.011206249061138651,0.22464468055747205,0.7851952380952382
184,0.011206249061138651,0.22478266869049263,0.7844666666666666
185,0.011476641129637975,0.2272664550848627,0.784
186,0.011536728255971159,0.2272664550848627,0.7826666666666666
187,0.01159681538230434,0.2286463364150683,0.782
188,0.011837163887637074,0.23195805160756175,0.78
189,0.011867207450803665,0.23195805160756175,0.7795
190,0.012017425266636622,0.23333793293776736,0.778
191,0.012227730208802764,0.23720160066234303,0.776
192,0.01234790446146913,0.23720160066234303,0.7745666666666666
193,0.012558209403635272,0.23996136332275425,0.774
194,0.012558209403635272,0.2400993514557748,0.7735
195,0.012588252966801862,0.2400993514557748,0.7726000000000001
196,0.012648340093135046,0.2400993514557748,0.772304761904762
197,0.012948775724800961,0.24216917345108321,0.772
198,0.012978819287967553,0.24216917345108321,0.7709666666666666
199,0.013279254919633469,0.2449289361114944,0.77
200,0.01330929848280006,0.2449289361114944,0.7686666666666667
201,0.013489559861799609,0.24755071063888506,0.768
202,0.013759951930298933,0.25072443769835795,0.766
203,0.013820039056632117,0.2547260935559542,0.764
204,0.013850082619798709,0.2547260935559542,0.7639666666666667
205,0.0138801261829653,0.25486408168897473,0.7621865079365081
206,0.01409043112513144,0.258865737546571,0.762
207,0.014120474688298032,0.258865737546571,0.7613
208,0.014180561814631214,0.258865737546571,0.7606333333333333
209,0.014360823193630764,0.2620394646060439,0.76
210,0.014360823193630764,0.262315440872085,0.7589380952380952
211,0.014751389514796456,0.2641092866013523,0.758
212,0.014751389514796456,0.2643852628673934,0.7563476190476192
213,0.014901607330629413,0.2678349661929074,0.756
214,0.014901607330629413,0.2681109424589485,0.755
215,0.014931650893796004,0.2681109424589485,0.7541666666666668
216,0.01523208652546192,0.2712846695184214,0.754
217,0.01523208652546192,0.27142265765144197,0.7533000000000001
218,0.015262130088628511,0.27142265765144197,0.753
219,0.015652696409794203,0.27459638471091485,0.752
220,0.015682739972960793,0.27459638471091485,0.7516
221,0.016103349857293076,0.27777011177038774,0.75
222,0.016133393420459666,0.27777011177038774,0.7489000000000001
223,0.01658404686795854,0.27983993376569616,0.748
224,0.01658404686795854,0.27997792189871673,0.747
225,0.01661409043112513,0.27997792189871673,0.7469000000000001
226,0.016764308246958088,0.28011591003173725,0.7462103174603179
227,0.01679435181012468,0.28011591003173725,0.7460952380952388
228,0.017094787441790597,0.2834276252242307,0.746
229,0.01718491813129037,0.28535945908651855,0.744
230,0.01721496169445696,0.28535945908651855,0.743
231,0.017245005257623555,0.2854974472195391,0.7427142857142857
232,0.017275048820790145,0.2854974472195391,0.7421285714285714
233,0.017275048820790145,0.2856354353525597,0.7420666666666667
234,0.017635571578789245,0.28742928108182697,0.742
235,0.01796605077362175,0.2900510556092176,0.74
236,0.017996094336788344,0.2900510556092176,0.7391666666666666
237,0.017996094336788344,0.2901890437422382,0.739
238,0.018026137899954935,0.2903270318752587,0.7384666666666667
239,0.018446747784287218,0.29225886573754656,0.738
240,0.0185068349106204,0.29239685387056713,0.737694444444445
241,0.018566922036953582,0.29239685387056713,0.7364873015873024
242,0.018657052726453356,0.2925348420035877,0.7362
243,0.018777226979119724,0.29529460466399887,0.736
244,0.018777226979119724,0.29543259279701944,0.7346666666666666
245,0.019197836863452004,0.3001241893197185,0.734
246,0.019227880426618597,0.3001241893197185,0.7325309523809522
247,0.01970857743728406,0.304677797709397,0.732
248,0.01970857743728406,0.30481578584241753,0.7306666666666666
249,0.019738621000450655,0.30481578584241753,0.7303666666666668
250,0.020129187321616344,0.3079895129018904,0.73
251,0.020489710079615444,0.3104732992962605,0.728
252,0.020549797205948624,0.3104732992962605,0.7265857142857143
253,0.020549797205948624,0.31061128742928107,0.7265
254,0.021090581342947272,0.31461294328687733,0.726
255,0.021120624906113866,0.3147509314198979,0.725173232323232
256,0.02118071203244705,0.3147509314198979,0.7251428571428571
257,0.021661409043112513,0.31764868221332965,0.724
258,0.022082018927444796,0.32068442113978196,0.722
259,0.022112062490611387,0.32068442113978196,0.7205
260,0.022112062490611387,0.32082240927280253,0.7203333333333333
261,0.022412498122277302,0.32358217193321376,0.72
262,0.02253267237494367,0.32358217193321376,0.7186174603174603
263,0.023043412948775724,0.32592797019456327,0.718
264,0.023043412948775724,0.32606595832758384,0.7173333333333334
265,0.02319363076460868,0.3262039464606044,0.7173325063825068
266,0.023223674327775275,0.3262039464606044,0.7161666666666667
267,0.023824545591107107,0.3286877328549745,0.716
268,0.023884632717440287,0.3286877328549745,0.7147162337662338
269,0.02406489409643984,0.33213743618048847,0.714
270,0.02409493765960643,0.33213743618048847,0.7126666666666668
271,0.024185068349106203,0.33213743618048847,0.7124909035409037
272,0.024605678233438486,0.3348971988408997,0.712
273,0.024635721796605076,0.3348971988408997,0.7118333333333333
274,0.02466576535977167,0.33503518697392026,0.7112999999999999
275,0.024785939612438034,0.33503518697392026,0.71105
276,0.025386810875769866,0.3376569615013109,0.71
277,0.02541685443893646,0.3376569615013109,0.7098000000000001
278,0.02604776926543488,0.3416586173589071,0.708
279,0.02604776926543488,0.34193459362494827,0.7076
280,0.02607781282860147,0.34193459362494827,0.7073142857142857
281,0.02607781282860147,0.34221056989098936,0.7068333333333332
282,0.02616794351810125,0.34234855802400993,0.7067047619047616
283,0.02619798708126784,0.34234855802400993,0.7065
284,0.026738771218266486,0.3463502138816062,0.706
285,0.02679885834459967,0.34648820201462677,0.7052500000000002
286,0.027369686044764908,0.34993790534014074,0.704
287,0.0273997296079315,0.34993790534014074,0.7037777777777778
288,0.027459816734264685,0.34993790534014074,0.7032113553113553
289,0.027489860297431275,0.34993790534014074,0.7031458874458875
290,0.02754994742376446,0.34993790534014074,0.7026833333333334
291,0.028000600871263333,0.3532496205326342,0.702
292,0.028000600871263333,0.3533876086656548,0.7003333333333334
293,0.02854138500826198,0.3569753001241893,0.7
294,0.02854138500826198,0.35725127639023047,0.6986666666666668
295,0.02857142857142857,0.357389264523251,0.6983333333333333
296,0.02929247408742677,0.3612529322478267,0.698
297,0.029382604776926544,0.3612529322478267,0.6975
298,0.029412648340093134,0.36139092038084725,0.6974547619047622
299,0.029472735466426318,0.36139092038084725,0.6960523809523808
300,0.029953432477091785,0.3647026355733407,0.696
301,0.029983476040258375,0.3647026355733407,0.6957666666666666
302,0.03004356316659156,0.3647026355733407,0.695
303,0.03007360672975815,0.3647026355733407,0.6943333333333332
304,0.03043412948775725,0.3685663032979164,0.694
305,0.03046417305092384,0.3685663032979164,0.6923
306,0.030524260177257023,0.3685663032979164,0.6922619047619047
307,0.03106504431425567,0.37146405409134814,0.692
308,0.031155175003755444,0.37146405409134814,0.6915
309,0.031215262130088628,0.37146405409134814,0.6914531746031749
310,0.03124530569325522,0.37146405409134814,0.6903333333333332
311,0.03199639477242001,0.37436180488477994,0.69
312,0.0320264383355866,0.37449979301780045,0.6886666666666668
313,0.032687396725251616,0.37739754381123225,0.688
314,0.032717440288418206,0.37739754381123225,0.6870758297258297
315,0.033408442241249815,0.37988133020560233,0.686
316,0.033438485804416405,0.37988133020560233,0.6856
317,0.033498572930749586,0.37988133020560233,0.6852214285714291
318,0.033528616493916176,0.37988133020560233,0.6849857142857141
319,0.034189574883581195,0.38388298606319854,0.684
320,0.034249662009914375,0.3840209741962191,0.6839682539682546
321,0.034279705573080965,0.3840209741962191,0.683102380952381
322,0.034279705573080965,0.38429695046226026,0.6827142857142857
323,0.034940663962745984,0.3878846419207948,0.682
324,0.034970707525912574,0.3878846419207948,0.6816666666666668
325,0.034970707525912574,0.3880226300538154,0.6815
326,0.035000751089079164,0.3880226300538154,0.6805476190476188
327,0.03542136097341145,0.39285221470953496,0.68
328,0.035541535226077815,0.39285221470953496,0.6782
329,0.03605227579990987,0.3958879536359873,0.678
330,0.03611236292624305,0.3958879536359873,0.6774333333333333
331,0.03623253717890942,0.3958879536359873,0.6760650793650798
332,0.037043713384407394,0.39823375189733684,0.676
333,0.037163887637073754,0.39823375189733684,0.6751253968253964
334,0.03719393120024035,0.39823375189733684,0.675
335,0.03815532522157128,0.4023733958879536,0.674
336,0.03815532522157128,0.4025113840209742,0.673
337,0.03821541234790446,0.4025113840209742,0.6724380952380952
338,0.039176806369235394,0.40609907547950874,0.672
339,0.03932702418506835,0.40609907547950874,0.6717777777777783
340,0.03935706774823494,0.40609907547950874,0.6716666666666666
341,0.0395072855640679,0.40609907547950874,0.6713506493506494
342,0.03953732912723449,0.4062370636125293,0.671
343,0.03953732912723449,0.4063750517455499,0.6706666666666667
344,0.04028841820639928,0.410100731337105,0.67
345,0.04031846176956587,0.410100731337105,0.6686666666666666
346,0.04097942015923089,0.4131364702635573,0.668
347,0.04100946372239748,0.4131364702635573,0.6673333333333333
348,0.04100946372239748,0.4132744583965779,0.6670976190476193
349,0.04106955084873066,0.41341244652959847,0.6664865079365085
350,0.04109959441189725,0.41341244652959847,0.6661
351,0.0423614240648941,0.4167241617220919,0.666
352,0.04242151119122728,0.4167241617220919,0.6640444444444445
353,0.043262730959891846,0.42113978197874985,0.664
354,0.043292774523058436,0.42113978197874985,0.6630833333333335
355,0.043322818086225026,0.42127777011177037,0.6626666666666666
356,0.043352861649391616,0.42127777011177037,0.6624
357,0.04458464773922187,0.42486546157030497,0.662
358,0.044614691302388466,0.4250034497033255,0.660377161727162
359,0.045636172450052574,0.4279012004967573,0.66
360,0.045666216013219164,0.42803918862977786,0.6593333333333332
361,0.04683791497671624,0.4306609631571685,0.658
362,0.046928045666216014,0.4306609631571685,0.6564158730158731
363,0.04794952681388013,0.4331447495515386,0.656
364,0.04800961394021331,0.4331447495515386,0.6556666666666666
365,0.0480396575033799,0.4331447495515386,0.6556333333333334
366,0.04809974462971309,0.4331447495515386,0.6553333333333333
367,0.04815983175604627,0.4331447495515386,0.6545333333333334
368,0.048310049571879225,0.4331447495515386,0.6542365079365082
369,0.04930148715637674,0.4378363460742376,0.654
370,0.04939161784587652,0.4378363460742376,0.653
371,0.0494817485353763,0.4378363460742376,0.6529404761904769
372,0.050383055430374045,0.4417000137988133,0.652
373,0.050473186119873815,0.4417000137988133,0.6513333333333332
374,0.050473186119873815,0.44183800193183387,0.6508809523809523
375,0.050503229683040406,0.44183800193183387,0.6505
376,0.05152471083070452,0.4448737408582862,0.65
377,0.05155475439387111,0.4448737408582862,0.649
378,0.05155475439387111,0.44501172899130675,0.6480333333333335
379,0.0530268889890341,0.44818545605077964,0.648
380,0.05308697611536728,0.44818545605077964,0.6471664835164836
381,0.053117019678533876,0.44818545605077964,0.647
382,0.053117019678533876,0.4483234441838002,0.6465
383,0.05449902358419709,0.45301504070649923,0.646
384,0.05455911071053027,0.45301504070649923,0.6457087301587303
385,0.05570076611086075,0.45715468469711606,0.644
386,0.05573080967402734,0.45715468469711606,0.6438264069264069
387,0.05573080967402734,0.4572926728301366,0.6435468975468978
388,0.05576085323719393,0.4572926728301366,0.6426666666666667
389,0.05585098392669371,0.4572926728301366,0.6422285714285718
390,0.05717290070602373,0.4608803642886712,0.642
391,0.05720294426919033,0.4608803642886712,0.6412
392,0.05855490461168695,0.4655719608113702,0.64
393,0.059666516448850834,0.46902166413688423,0.638
394,0.059666516448850834,0.4692976404029254,0.6369090909090909
395,0.059666516448850834,0.46957361666896646,0.6366666666666667
396,0.060988433228180865,0.4730233199944805,0.636
397,0.06113865104401382,0.4730233199944805,0.6340825396825398
398,0.06267087276550999,0.4768869877190562,0.634
399,0.06273095989184317,0.4768869877190562,0.633
400,0.06399278954484001,0.4813026079757141,0.632
401,0.06543488057683641,0.48502828756726923,0.63
402,0.065464924140003,0.48502828756726923,0.6291666666666668
403,0.06675679735616644,0.4902718366220505,0.628
404,0.06675679735616644,0.49040982475507106,0.6275
405,0.06678684091933303,0.49040982475507106,0.6263000000000001
406,0.06837914976716239,0.49427349247964675,0.626
407,0.06840919333032898,0.49427349247964675,0.6253108946608947
408,0.06846928045666216,0.49427349247964675,0.6242000000000001
409,0.07027189424665765,0.49882710086932525,0.624
410,0.07030193780982424,0.49882710086932525,0.6237
411,0.07030193780982424,0.4989650890023458,0.623
412,0.07033198137299083,0.4989650890023458,0.622318759018759
413,0.0715337238996545,0.5028287567269215,0.622
414,0.07156376746282109,0.5028287567269215,0.6216666666666666
415,0.07156376746282109,0.5029667448599421,0.6211333333333332
416,0.07159381102598768,0.5029667448599421,0.621
417,0.07339642481598317,0.5069684007175382,0.62
418,0.07339642481598317,0.5071063888505588,0.6193333333333333
419,0.07342646837914976,0.5071063888505588,0.6188785714285714
420,0.07342646837914976,0.5072443769835794,0.6184
421,0.07480847228481298,0.5122119497723195,0.618
422,0.07483851584797957,0.5122119497723195,0.6171428571428571
423,0.07483851584797957,0.5123499379053401,0.617
424,0.07489860297431275,0.5127639023044018,0.6168166666666666
425,0.07498873366381253,0.5127639023044018,0.6163333333333333
426,0.07664112963797506,0.5166275700289775,0.616
427,0.07670121676430824,0.5166275700289775,0.6146666666666667
428,0.07820339492263782,0.5209052021526148,0.614
429,0.07823343848580441,0.5209052021526148,0.6138714285714286
430,0.07823343848580441,0.5210431902856354,0.613
431,0.078263482048971,0.5210431902856354,0.6127333333333334
432,0.078263482048971,0.521181178418656,0.6126666666666667
433,0.07988583445996696,0.52463088174417,0.612
434,0.07994592158630014,0.52463088174417,0.6100666666666668
435,0.08093735917079765,0.5282185732027046,0.61
436,0.08093735917079765,0.5286325376017662,0.6086666666666667
437,0.08096740273396424,0.5286325376017662,0.6083809523809522
438,0.08225927595012769,0.5326341934593625,0.608
439,0.08231936307646087,0.5326341934593625,0.6072642857142858
440,0.08231936307646087,0.5329101697254036,0.6067714285714285
441,0.08234940663962746,0.5329101697254036,0.6063388444888447
442,0.08406188974012317,0.5363598730509176,0.606
443,0.08409193330328978,0.5363598730509176,0.6056
444,0.08409193330328978,0.5364978611839382,0.6043333333333333
445,0.08619498272495119,0.5403615289085139,0.604
446,0.08619498272495119,0.5404995170415344,0.6020619047619049
447,0.08817785789394622,0.5445011728991307,0.602
448,0.08826798858344599,0.5445011728991307,0.6006666666666667
449,0.0900405588102749,0.5469849592935008,0.6
450,0.09010064593660808,0.5469849592935008,0.5999714285714285
451,0.09010064593660808,0.5472609355595419,0.5988
452,0.09013068949977468,0.5472609355595419,0.5986666666666668
453,0.09019077662610786,0.5472609355595419,0.5985
454,0.0914826498422713,0.5514005795501586,0.598
455,0.09151269340543788,0.5514005795501586,0.5979666666666666
456,0.09151269340543788,0.5516765558161998,0.5969380952380953
457,0.09154273696860447,0.5516765558161998,0.5963333333333333
458,0.09391617845876521,0.555678211673796,0.596
459,0.09391617845876521,0.5558161998068166,0.5956
460,0.09397626558509839,0.5558161998068166,0.5946666666666667
461,0.09397626558509839,0.5559541879398372,0.5943999999999999
462,0.09400630914826498,0.5559541879398372,0.5943333333333333
463,0.09586901006459365,0.5596798675313923,0.594
464,0.09598918431726003,0.5596798675313923,0.5933333333333333
465,0.0978819287967553,0.562301642058783,0.592
466,0.09794201592308847,0.562301642058783,0.5913333333333333
467,0.09797205948625506,0.562301642058783,0.5912166666666668
468,0.09806219017575485,0.562301642058783,0.591
469,0.09809223373892144,0.562301642058783,0.5907
470,0.10016523959741626,0.5661653097833587,0.59
471,0.10022532672374944,0.5661653097833587,0.5893333333333334
472,0.10022532672374944,0.5663032979163792,0.5893333333333333
473,0.10025537028691603,0.5663032979163792,0.5890666666666667
474,0.10025537028691603,0.5664412860493998,0.589
475,0.10031545741324921,0.5665792741824203,0.5887547619047618
476,0.1003455009764158,0.5665792741824203,0.5886904761904761
477,0.10271894246657653,0.5700289775079344,0.588
478,0.10277902959290972,0.5700289775079344,0.5878505050505051
479,0.1028391167192429,0.5700289775079344,0.587
480,0.10292924740874268,0.5700289775079344,0.5869904761904762
481,0.1049421661409043,0.5737546570994895,0.586
482,0.1050022532672375,0.5737546570994895,0.5846
483,0.1050022532672375,0.57389264523251,0.5843666666666666
484,0.10710530268889891,0.5781702773561473,0.584
485,0.10716538981523209,0.5781702773561473,0.583
486,0.10722547694156527,0.5781702773561473,0.5823333333333333
487,0.1096289619948926,0.5806540637505174,0.582
488,0.1096289619948926,0.580792051883538,0.5814000000000001
489,0.10968904912122578,0.580792051883538,0.5806666666666668
490,0.11200240348505333,0.5856216365392576,0.58
491,0.1120925341745531,0.5856216365392576,0.5786666666666668
492,0.1120925341745531,0.5857596246722782,0.5786666666666667
493,0.11215262130088628,0.5857596246722782,0.5780809523809523
494,0.11443593210154725,0.5892093279977922,0.578
495,0.11446597566471384,0.5892093279977922,0.577
496,0.11689950428120775,0.5950048295846557,0.576
497,0.11692954784437434,0.5950048295846557,0.5757820457320452
498,0.11692954784437434,0.5951428177176763,0.5741666666666667
499,0.1170497220970407,0.5951428177176763,0.5741
500,0.11876220519753643,0.5994204498413136,0.574
501,0.11879224876070302,0.5994204498413136,0.5726444444444444
502,0.12077512392969807,0.6030081412998483,0.572
503,0.12080516749286466,0.6030081412998483,0.5718238095238096
504,0.12080516749286466,0.6031461294328688,0.5717333333333333
505,0.12083521105603125,0.6031461294328688,0.5717142857142857
506,0.12083521105603125,0.6032841175658893,0.5715999999999999
507,0.12092534174553102,0.6032841175658893,0.5709333333333333
508,0.12092534174553102,0.6034221056989099,0.5708571428571428
509,0.12329878323569175,0.6067338208914034,0.57
510,0.12329878323569175,0.607147785290465,0.5684000000000001
511,0.12332882679885834,0.607147785290465,0.5681333333333332
512,0.12579239897851885,0.6119773699461847,0.568
513,0.12585248610485203,0.6119773699461847,0.567
514,0.1260327474838516,0.6119773699461847,0.566942857142857
515,0.12609283461018478,0.6119773699461847,0.5663619047619047
516,0.1284362325371789,0.6157030495377398,0.566
517,0.12858645035301186,0.6157030495377398,0.5652
518,0.12858645035301186,0.6158410376707603,0.5651619047619046
519,0.12870662460567822,0.6158410376707603,0.565
520,0.12876671173201143,0.6158410376707603,0.5644285714285714
521,0.13108006609583897,0.6184628121981509,0.564
522,0.13111010965900555,0.6184628121981509,0.5634833333333332
523,0.13117019678533873,0.6184628121981509,0.5631142857142858
524,0.13117019678533873,0.6187387884641921,0.5621666666666667
525,0.13372389965449902,0.6212225748585621,0.562
526,0.13375394321766562,0.6212225748585621,0.5618682539682538
527,0.13384407390716538,0.6212225748585621,0.561
528,0.13384407390716538,0.6213605629915827,0.5609761904761905
529,0.13387411747033198,0.6213605629915827,0.5604
530,0.1362475589604927,0.6252242307161584,0.56
531,0.1363376896499925,0.6252242307161584,0.5593571428571429
532,0.13639777677632567,0.6252242307161584,0.559
533,0.13639777677632567,0.625362218849179,0.5586666666666666
534,0.13904161033498572,0.6292258865737547,0.558
535,0.13910169746131892,0.6292258865737547,0.5574333333333332
536,0.13910169746131892,0.6293638747067752,0.557388322788323
537,0.1391617845876521,0.6293638747067752,0.5572666666666667
538,0.13928195884031846,0.6293638747067752,0.5566666666666668
539,0.13931200240348504,0.6293638747067752,0.5566666666666666
540,0.13931200240348504,0.6296398509728164,0.5563412698412699
541,0.13937208952981825,0.6296398509728164,0.5561571428571428
542,0.14225627159381102,0.6333655305643715,0.556
543,0.14225627159381102,0.6335035186973921,0.5556666666666668
544,0.1423163587201442,0.6335035186973921,0.5555
545,0.1423464022833108,0.6336415068304125,0.5554880952380955
546,0.14240648940964398,0.6336415068304125,0.5551333333333335
547,0.14240648940964398,0.6337794949634331,0.555
548,0.1424365329728106,0.6337794949634331,0.5548790598290598
549,0.1424365329728106,0.6340554712294743,0.5547285714285713
550,0.14249662009914377,0.6340554712294743,0.5545380952380952
551,0.14249662009914377,0.6341934593624948,0.5545
552,0.145200540784137,0.6386090796191527,0.554
553,0.14532071503680336,0.6386090796191527,0.553
554,0.14532071503680336,0.6387470677521733,0.5526666666666666
555,0.14535075859996996,0.6387470677521733,0.5521904761904765
556,0.14757398227429774,0.6430246998758107,0.552
557,0.14757398227429774,0.6431626880088313,0.5513333333333333
558,0.14763406940063092,0.6431626880088313,0.5506785714285715
559,0.15027790295929097,0.6466123913343452,0.55
560,0.15039807721195733,0.6466123913343452,0.549952380952381
561,0.1504581643382905,0.6466123913343452,0.54935
562,0.1505182514646237,0.6466123913343452,0.5493333333333333
563,0.15060838215412348,0.6466123913343452,0.5490738095238096
564,0.15063842571729008,0.6466123913343452,0.5490692640692642
565,0.15066846928045666,0.6467503794673658,0.549
566,0.15075859996995644,0.6467503794673658,0.5483333333333332
567,0.1544840018026138,0.6504760590589209,0.548
568,0.15454408892894697,0.6504760590589209,0.5478
569,0.15454408892894697,0.6506140471919415,0.5473333333333332
570,0.15463421961844676,0.6506140471919415,0.5468
571,0.15463421961844676,0.6507520353249621,0.5462166666666668
572,0.15751840168243952,0.6554436318476611,0.546
573,0.15757848880877273,0.6554436318476611,0.5457071428571428
574,0.1576085323719393,0.6555816199806817,0.5454095238095238
575,0.1576085323719393,0.6557196081137022,0.545
576,0.1576385759351059,0.6557196081137022,0.5447142857142858
577,0.1576385759351059,0.6558575962467228,0.5444285714285715
578,0.1576986630614391,0.6558575962467228,0.5442357142857143
579,0.1605828451254319,0.6597212639712985,0.544
580,0.16076310650443143,0.6597212639712985,0.5423333333333333
581,0.1640678984527565,0.6645508486270181,0.542
582,0.1640979420159231,0.6645508486270181,0.5413333333333334
583,0.16412798557908967,0.6646888367600386,0.541
584,0.16418807270542285,0.6646888367600386,0.5401222222222223
585,0.167192429022082,0.6684145163515938,0.54
586,0.1672224725852486,0.6684145163515938,0.5393333333333333
587,0.1672224725852486,0.6685525044846143,0.539
588,0.16725251614841521,0.6685525044846143,0.5386666666666667
589,0.1704671774072405,0.6715882434110666,0.538
590,0.1704972209704071,0.6715882434110666,0.5378333333333333
591,0.17052726453357367,0.6717262315440872,0.537
592,0.17058735165990688,0.6717262315440872,0.5366666666666667
593,0.17058735165990688,0.6718642196771077,0.5365809523809524
594,0.17061739522307345,0.6718642196771077,0.5365
595,0.17392218717139854,0.6750379467365807,0.536
596,0.17392218717139854,0.6751759348696013,0.5351666666666668
597,0.1740123178608983,0.6751759348696013,0.5348333333333333
598,0.17701667417755745,0.679315578860218,0.534
599,0.17716689199339042,0.679315578860218,0.5321333333333335
600,0.18029142256271594,0.6826272940527115,0.532
601,0.18035150968904912,0.6826272940527115,0.531
602,0.18035150968904912,0.6827652821857321,0.5307380952380952
603,0.18038155325221572,0.6827652821857321,0.5306666666666666
604,0.18038155325221572,0.6829032703187526,0.5302666666666667
605,0.18377647589004056,0.6853870567131227,0.53
606,0.18377647589004056,0.6855250448461432,0.5296333333333333
607,0.18380651945320714,0.6855250448461432,0.5293333333333333
608,0.18392669370587353,0.6855250448461432,0.529
609,0.1839567372690401,0.6855250448461432,0.5286666666666666
610,0.18401682439537329,0.6855250448461432,0.5283333333333332
611,0.18410695508487307,0.6855250448461432,0.5280277777777777
612,0.18753192128586452,0.6900786532358217,0.528
613,0.18753192128586452,0.6903546295018629,0.5277928571428571
614,0.1875619648490311,0.6903546295018629,0.5276666666666667
615,0.1875619648490311,0.6904926176348835,0.5273
616,0.18762205197536427,0.6904926176348835,0.527118253968254
617,0.18765209553853088,0.6906306057679039,0.527
618,0.18768213910169745,0.6906306057679039,0.5266666666666666
619,0.19116719242902208,0.6936663446943563,0.526
620,0.19125732311852187,0.6936663446943563,0.5253
621,0.19125732311852187,0.6939423209603974,0.5246666666666667
622,0.19125732311852187,0.694080309093418,0.5243666666666666
623,0.1950127685143458,0.6980819649510143,0.524
624,0.19507285564067897,0.6980819649510143,0.5237556277056279
625,0.19507285564067897,0.6983579412170553,0.5234714285714286
626,0.19516298633017876,0.6983579412170553,0.5220428571428573
627,0.19870812678383656,0.7020836208086104,0.522
628,0.19873817034700317,0.7020836208086104,0.5213333333333334
629,0.19873817034700317,0.702221608941631,0.5213333333333332
630,0.19873817034700317,0.7024975852076721,0.521
631,0.19876821391016974,0.7024975852076721,0.5206666666666667
632,0.19876821391016974,0.7026355733406927,0.5205333333333333
633,0.19885834459966953,0.7026355733406927,0.5205
634,0.202133092984828,0.7047053953360011,0.52
635,0.20228331080066095,0.7047053953360011,0.5183321456321456
636,0.20555805918581943,0.7076031461294329,0.518
637,0.2056181463121526,0.7076031461294329,0.5173666666666666
638,0.20564818987531922,0.7077411342624534,0.517
639,0.2056782334384858,0.7077411342624534,0.5167999999999999
640,0.20579840769115218,0.7077411342624534,0.516590476190476
641,0.20585849481748536,0.7077411342624534,0.5160666666666666
642,0.20901306894997745,0.7116048019870291,0.516
643,0.20910319963947724,0.7116048019870291,0.5147979797979799
644,0.21267838365630165,0.7154684697116048,0.514
645,0.21273847078263483,0.7154684697116048,0.5131428571428571
646,0.212798557908968,0.7154684697116048,0.513
647,0.2128586450353012,0.7154684697116048,0.5126000000000001
648,0.21634369836262582,0.7194701255692011,0.512
649,0.21634369836262582,0.7196081137022217,0.5114423076923077
650,0.216403785488959,0.7196081137022217,0.5113333333333334
651,0.21649391617845876,0.7196081137022217,0.5101333333333333
652,0.22042962295328225,0.7233337932937768,0.51
653,0.22045966651644885,0.7233337932937768,0.5086349206349207
654,0.22355415352260777,0.7277494135504347,0.508
655,0.22358419708577437,0.7277494135504347,0.5076
656,0.22358419708577437,0.7278874016834552,0.5073914973914972
657,0.22364428421210755,0.7278874016834552,0.5061333333333334
658,0.2277902959290972,0.7320270456740721,0.506
659,0.2278203394922638,0.7320270456740721,0.50575
660,0.22788042661859698,0.7320270456740721,0.5053333333333334
661,0.22800060087126334,0.7320270456740721,0.5040000000000001
662,0.23178608983025387,0.7347868083344833,0.504
663,0.2320564818987532,0.7347868083344833,0.5021214285714286
664,0.23545140453657804,0.7386504760590589,0.502
665,0.23551149166291122,0.7386504760590589,0.5016666666666667
666,0.23575184016824396,0.7387884641920794,0.5016307246021954
667,0.23581192729457714,0.7387884641920794,0.5012119047619048
668,0.2359321015472435,0.7389264523251,0.5009934676434679
669,0.23611236292624305,0.7389264523251,0.5005714285714287
670,0.2401982875168995,0.7432040844487374,0.5
671,0.2402884182063993,0.7432040844487374,0.4998809523809525
672,0.24031846176956587,0.743342072581758,0.49983673548673535
673,0.24040859245906565,0.743342072581758,0.49926666666666664
674,0.24040859245906565,0.7434800607147786,0.499
675,0.24043863602223223,0.7434800607147786,0.4984420634920635
676,0.24389364578639028,0.746791775907272,0.498
677,0.24401382003905664,0.746791775907272,0.49641904761904765
678,0.24855039807721196,0.7499655029667449,0.496
679,0.24861048520354515,0.7499655029667449,0.49566666666666664
680,0.24867057232987833,0.7499655029667449,0.4955
681,0.2487306594562115,0.750241479232786,0.4953333333333333
682,0.2487607030193781,0.750241479232786,0.49524653679653685
683,0.2487607030193781,0.7503794673658065,0.4951666666666667
684,0.2487907465825447,0.7503794673658065,0.4946666666666667
685,0.24885083370887787,0.7503794673658065,0.4945
686,0.2526062791047018,0.7532772181592383,0.494
687,0.25284662761003457,0.7532772181592383,0.49399603174603157
688,0.2528766711732011,0.7532772181592383,0.49366666666666664
689,0.2528766711732011,0.7534152062922589,0.4935
690,0.25299684542586753,0.7534152062922589,0.4934857142857143
691,0.25299684542586753,0.7535531944252795,0.4933333333333333
692,0.25314706324170044,0.7535531944252795,0.49201428571428574
693,0.2566020730058585,0.7568649096177729,0.492
694,0.2566922036953583,0.7568649096177729,0.4915
695,0.2567222472585249,0.7570028977507934,0.49133333333333334
696,0.25675229082169143,0.7570028977507934,0.4913333333333333
697,0.25675229082169143,0.7574168621498552,0.4909666666666666
698,0.25681237794802464,0.7574168621498552,0.4900571428571428
699,0.260387561964849,0.7601766248102663,0.49
700,0.260537779780682,0.7601766248102663,0.4885833333333333
701,0.260537779780682,0.7603146129432868,0.4884666666666667
702,0.2644133994291723,0.7626604112046363,0.488
703,0.264653747934505,0.7626604112046363,0.48633333333333334
704,0.26471383506083823,0.7626604112046363,0.4863064935064935
705,0.2693405437884933,0.7656961501310887,0.486
706,0.26943067447799307,0.7656961501310887,0.4857857142857144
707,0.26943067447799307,0.7658341382641093,0.4857666666666666
708,0.2694607180411597,0.7658341382641093,0.48575
709,0.2695208051674929,0.7658341382641093,0.4856666666666667
710,0.26955084873065943,0.7658341382641093,0.4856333333333333
711,0.26958089229382604,0.7659721263971299,0.485
712,0.26964097942015924,0.7659721263971299,0.4849825396825397
713,0.27417755745831457,0.7690078653235821,0.484
714,0.2742376445846477,0.7690078653235821,0.4837904761904762
715,0.27429773171098093,0.7690078653235821,0.4836666666666667
716,0.2743878624004807,0.7690078653235821,0.48319999999999996
717,0.2744779930899805,0.7690078653235821,0.483
718,0.27450803665314705,0.7691458534566027,0.48292857142857143
719,0.27456812377948026,0.7691458534566027,0.4825
720,0.27459816734264686,0.7692838415896233,0.48243095238095224
721,0.27459816734264686,0.7694218297226438,0.48216666666666663
722,0.2789544840018026,0.7723195805160756,0.482
723,0.2789845275649692,0.7724575686490962,0.48166666666666663
724,0.2789845275649692,0.7725955567821168,0.4815
725,0.2790145711281358,0.7725955567821168,0.48133333333333334
726,0.2791347453808022,0.7725955567821168,0.4806666666666667
727,0.2791347453808022,0.7727335449151373,0.48040000000000005
728,0.2833708877872916,0.7761832482406513,0.48
729,0.28349106203995794,0.7761832482406513,0.47866666666666663
730,0.28349106203995794,0.7763212363736719,0.47857142857142854
731,0.288117770767613,0.7793569753001242,0.478
732,0.2882980321466126,0.7793569753001242,0.47713333333333324
733,0.2882980321466126,0.7794949634331447,0.477
734,0.28841820639927895,0.7794949634331447,0.47646666666666654
735,0.28847829352561216,0.7794949634331447,0.4760333333333333
736,0.2921135646687697,0.7830826548916793,0.476
737,0.29226378248460266,0.7830826548916793,0.4746666666666667
738,0.29226378248460266,0.7832206430246998,0.4745238095238095
739,0.29229382604776927,0.7832206430246998,0.4745
740,0.29692053477542435,0.7858424175520905,0.474
741,0.29701066546492416,0.7858424175520905,0.47366666666666674
742,0.29701066546492416,0.7859804056851111,0.4736666666666667
743,0.2971007961544239,0.7859804056851111,0.4731666666666666
744,0.2971007961544239,0.7862563819511522,0.4726666666666666
745,0.2971308397175905,0.7862563819511522,0.4723333333333333
746,0.3016974613189124,0.7892921208776045,0.472
747,0.30184767913474536,0.7892921208776045,0.4708571428571428
748,0.30184767913474536,0.789430109010625,0.47058253968253966
749,0.3019378098242452,0.789430109010625,0.4700000000000001
750,0.30653447498873365,0.7924658479370774,0.47
751,0.30662460567823346,0.7924658479370774,0.4695
752,0.3066846928045666,0.792603836070098,0.4692976190476191
753,0.306804867057233,0.792603836070098,0.4682
754,0.31089079164788946,0.7953635987305092,0.468
755,0.3110109659005558,0.7953635987305092,0.46670000000000006
756,0.3110109659005558,0.7955015868635298,0.4666666666666667
757,0.3110410094637224,0.7955015868635298,0.4665571428571429
758,0.3110410094637224,0.7956395749965502,0.4665
759,0.311071053026889,0.7956395749965502,0.4662753968253969
760,0.3111311401532222,0.7956395749965502,0.4662
761,0.3111611837163888,0.7956395749965502,0.4661666666666666
762,0.31128135796905515,0.7956395749965502,0.46614523809523817
763,0.31551750037554455,0.7992272664550849,0.466
764,0.3155775875018777,0.7992272664550849,0.4655
765,0.3156076310650443,0.7992272664550849,0.4654555555555555
766,0.3156977617545441,0.7993652545881055,0.46540238095238085
767,0.31575784888087727,0.7993652545881055,0.465
768,0.31575784888087727,0.7995032427211259,0.4646666666666667
769,0.3217966050773622,0.80295294604664,0.464
770,0.32191677933002855,0.80295294604664,0.4633333333333334
771,0.32191677933002855,0.8030909341796606,0.4633333333333333
772,0.3219768664563617,0.8030909341796606,0.4631333333333334
773,0.3219768664563617,0.8032289223126811,0.4630857142857143
774,0.32212708427219466,0.8032289223126811,0.4623960317460317
775,0.32212708427219466,0.8033669104457016,0.4621
776,0.32639327024185066,0.8069546019042363,0.462
777,0.32639327024185066,0.8070925900372568,0.4613333333333333
778,0.3264834009313505,0.8070925900372568,0.4609047619047619
779,0.32654348805768363,0.8070925900372568,0.46066666666666667
780,0.32666366231035,0.8070925900372568,0.46029523809523815
781,0.330779630464173,0.8094383882986064,0.46
782,0.3309899354063392,0.8094383882986064,0.4585333333333332
783,0.33537629562866156,0.8109562577618324,0.458
784,0.33540633919182816,0.8109562577618324,0.4575
785,0.3354664263181613,0.8109562577618324,0.457
786,0.3355265134444945,0.8109562577618324,0.4566666666666666
787,0.3355265134444945,0.8112322340278736,0.45615775335775355
788,0.3398828301036503,0.8134400441562025,0.456
789,0.3399128736668169,0.8134400441562025,0.45580000000000004
790,0.3399128736668169,0.8135780322892231,0.4557142857142857
791,0.3399429172299835,0.8135780322892231,0.45566666666666666
792,0.340123178608983,0.8135780322892231,0.455
793,0.3402133092984828,0.8135780322892231,0.45480000000000026
794,0.3403635271143158,0.8135780322892231,0.4542722943722943
795,0.3405437884933153,0.8137160204222437,0.45425714285714297
796,0.3405738320564819,0.8137160204222437,0.45425714285714286
797,0.34565119423163587,0.8174417000137988,0.454
798,0.3456812377948025,0.8174417000137988,0.45361666666666667
799,0.3456812377948025,0.8175796881468194,0.4536
800,0.34580141204746884,0.8175796881468194,0.4533095238095238
801,0.34580141204746884,0.8178556644128605,0.453
802,0.34580141204746884,0.8179936525458811,0.4528333333333333
803,0.35027790295929095,0.8196495101421277,0.452
804,0.3504882079014571,0.8196495101421277,0.45133333333333336
805,0.3504882079014571,0.8197874982751483,0.4513333333333333
806,0.3505482950277903,0.8197874982751483,0.451
807,0.3505783385909569,0.8197874982751483,0.4503761904761905
808,0.35538530869761153,0.8228232372016007,0.45
809,0.35544539582394474,0.8228232372016007,0.4493333333333333
810,0.35544539582394474,0.8229612253346212,0.44906666666666667
811,0.3554754393871113,0.8229612253346212,0.449
812,0.3555655700766111,0.8229612253346212,0.4488268398268399
813,0.35565570076611086,0.8229612253346212,0.44833333333333325
814,0.35565570076611086,0.8230992134676418,0.4482
815,0.36070301937809823,0.824893059196909,0.448
816,0.360793150067598,0.824893059196909,0.44755396825396815
817,0.3608532371939312,0.8250310473299296,0.447
818,0.36094336788343095,0.8250310473299296,0.4465
819,0.3662009914375845,0.8268248930591969,0.446
820,0.36650142706925043,0.8268248930591969,0.4441809523809524
821,0.37163887637073756,0.829308679453567,0.444
822,0.37172900706023737,0.829308679453567,0.44342857142857145
823,0.3718191377497371,0.829308679453567,0.4433333333333333
824,0.3718792248760703,0.829308679453567,0.4432
825,0.3719393120024035,0.829308679453567,0.443
826,0.3719693555655701,0.829308679453567,0.4425
827,0.37205948625506985,0.829308679453567,0.4423333333333333
828,0.37208952981823645,0.829308679453567,0.4423238095238095
829,0.3768964999248911,0.8312405133158548,0.442
830,0.3768964999248911,0.8313785014488754,0.4417499999999999
831,0.37695658705122426,0.8313785014488754,0.44153333333333317
832,0.37695658705122426,0.831516489581896,0.4415
833,0.37698663061439086,0.831516489581896,0.44148968253968257
834,0.37704671774072407,0.831516489581896,0.4412
835,0.37719693555655703,0.831516489581896,0.44018357436680966
836,0.38236442842121077,0.8338622878432455,0.44
837,0.3824245155475439,0.8338622878432455,0.4395
838,0.3824245155475439,0.834000275976266,0.439
839,0.3824846026738771,0.834000275976266,0.4385
840,0.3825446898002103,0.834000275976266,0.4383333333333333
841,0.3825747333633769,0.834000275976266,0.4382857142857143
842,0.38747183415953135,0.8368980267696978,0.438
843,0.3875319212858645,0.8368980267696978,0.43739999999999996
844,0.3877722697911972,0.8368980267696978,0.43686428571428576
845,0.38783235691753043,0.8368980267696978,0.4365
846,0.39275950127685144,0.8389678487650062,0.436
847,0.3928195884031846,0.8389678487650062,0.4358
848,0.3928195884031846,0.8391058368980268,0.4355
849,0.3929097190926844,0.8391058368980268,0.4347333333333333
850,0.39296980621901756,0.8391058368980268,0.4346666666666667
851,0.39296980621901756,0.8393818131640679,0.4345
852,0.39302989334535077,0.8393818131640679,0.4340333333333333
853,0.39807721195733814,0.841865599558438,0.434
854,0.39810725552050474,0.841865599558438,0.43388888888888894
855,0.39810725552050474,0.8420035876914586,0.43383333333333335
856,0.39831756046267086,0.8420035876914586,0.4325
857,0.40372540183265737,0.8444873740858286,0.432
858,0.4037554453958239,0.8444873740858286,0.4315
859,0.40381553252215713,0.8444873740858286,0.43141428571428553
860,0.4039357067748235,0.8444873740858286,0.4311619047619048
861,0.4039657503379901,0.8446253622188492,0.4306666666666667
862,0.40402583746432325,0.8446253622188492,0.4303333333333333
863,0.40814180561814634,0.8468331723471781,0.43
864,0.40838215412347906,0.8468331723471781,0.4281666666666667
865,0.41300886285113414,0.8502828756726921,0.428
866,0.41306894997746735,0.8502828756726921,0.4275
867,0.41306894997746735,0.8504208638057127,0.4274166666666666
868,0.4131891242301337,0.8504208638057127,0.4264666666666667
869,0.41324921135646686,0.8504208638057127,0.42633333333333334
870,0.41330929848280007,0.8504208638057127,0.4262666666666667
871,0.4182063992789545,0.8526286739340416,0.426
872,0.4182063992789545,0.8527666620670622,0.4255
873,0.4182664864052877,0.8527666620670622,0.4252666666666667
874,0.4182664864052877,0.8529046502000828,0.4252666666666666
875,0.41835661709478744,0.8529046502000828,0.4252119047619048
876,0.41841670422112065,0.8529046502000828,0.42473333333333335
877,0.41841670422112065,0.8530426383331033,0.4246999999999999
878,0.4184767913474538,0.8530426383331033,0.4246666666666667
879,0.4184767913474538,0.8531806264661239,0.4245152958152958
880,0.4185068349106204,0.8531806264661239,0.42433333333333334
881,0.42292323869610937,0.8542845315302884,0.424
882,0.422953282259276,0.8542845315302884,0.4237142857142857
883,0.422953282259276,0.854422519663309,0.4236666666666667
884,0.4231335436382755,0.854422519663309,0.42308701298701296
885,0.4231936307646087,0.854422519663309,0.423
886,0.4232236743277753,0.854422519663309,0.4228333333333334
887,0.42334384858044166,0.854422519663309,0.42266666666666663
888,0.4233738921436082,0.854422519663309,0.42250000000000004
889,0.42800060087126335,0.8564923416586173,0.422
890,0.4280907315607631,0.8564923416586173,0.4216333333333333
891,0.4281508186870963,0.8564923416586173,0.4215
892,0.42824094937659607,0.8564923416586173,0.4206666666666667
893,0.4283010365029292,0.8564923416586173,0.42066666666666663
894,0.4283010365029292,0.8566303297916379,0.4205
895,0.42839116719242903,0.8566303297916379,0.42019999999999996
896,0.42839116719242903,0.8567683179246585,0.42006666666666664
897,0.43289770166741776,0.8593900924520491,0.42
898,0.43295778879375096,0.8593900924520491,0.41983333333333334
899,0.4331981372990837,0.8593900924520491,0.4182
900,0.43782484602673877,0.8618738788464192,0.418
901,0.4381252816584047,0.8618738788464192,0.4160333333333333
902,0.4423914676280607,0.863529736442666,0.416
903,0.44254168544389366,0.863529736442666,0.4150666666666667
904,0.4426017725702268,0.863529736442666,0.415
905,0.4426318161333934,0.863529736442666,0.4148
906,0.4426919032597266,0.863529736442666,0.4143333333333334
907,0.44722848129788195,0.8657375465709949,0.414
908,0.4472885684242151,0.8657375465709949,0.413
909,0.4472885684242151,0.8658755347040155,0.4126666666666667
910,0.4473186119873817,0.8658755347040155,0.4122666666666667
911,0.4519152771518702,0.8675313923002622,0.412
912,0.45206549496770315,0.8675313923002622,0.4109333333333334
913,0.45212558209403636,0.8675313923002622,0.4106666666666667
914,0.45215562565720296,0.8675313923002622,0.4105
915,0.4522757999098693,0.8678073685663032,0.41039653124653136
916,0.45230584347303593,0.8678073685663032,0.4103333333333333
917,0.4563016373741926,0.8704291430936939,0.41
918,0.45633168093735915,0.8705671312267145,0.4096666666666667
919,0.45636172450052576,0.8705671312267145,0.4095
920,0.45636172450052576,0.870705119359735,0.40949523809523813
921,0.4565119423163587,0.870705119359735,0.4083333333333333
922,0.4613789995493466,0.872636953222023,0.408
923,0.4613789995493466,0.8727749413550435,0.4076666666666666
924,0.46143908667567973,0.8727749413550435,0.4071904761904762
925,0.46149917380201294,0.8727749413550435,0.407
926,0.4616193480546793,0.8727749413550435,0.4061666666666667
927,0.46639627459816735,0.8745687870843107,0.406
928,0.46660657954033347,0.8745687870843107,0.4048333333333334
929,0.46660657954033347,0.8747067752173313,0.4045
930,0.4666666666666667,0.8747067752173313,0.404098667998668
931,0.4711431575784888,0.8766386090796191,0.404
932,0.4711431575784888,0.8767765972126397,0.4038
933,0.4711732011416554,0.8767765972126397,0.4036
934,0.4711732011416554,0.8769145853456602,0.4035
935,0.47126333183115515,0.8769145853456602,0.4024
936,0.47537929998497824,0.8784324548088864,0.402
937,0.475469430674478,0.8784324548088864,0.4016
938,0.475469430674478,0.878570442941907,0.4015666666666667
939,0.4754994742376446,0.878570442941907,0.4015333333333333
940,0.47555956136397776,0.8787084310749276,0.4014281385281385
941,0.47564969205347757,0.8787084310749276,0.401
942,0.4757097791798107,0.8787084310749276,0.40066666666666667
943,0.4800961394021331,0.8802263005381538,0.4
944,0.4801261829652997,0.8802263005381538,0.39941017316017313
945,0.4801862700916329,0.8802263005381538,0.3992
946,0.48024635721796605,0.8802263005381538,0.3985
947,0.48024635721796605,0.8803642886711743,0.3983333333333334
948,0.48520354514045366,0.8828480750655444,0.398
949,0.48538380651945323,0.8828480750655444,0.39712857142857144
950,0.485473937208953,0.8828480750655444,0.3971
951,0.485473937208953,0.8829860631985649,0.3969851037851038
952,0.48553402433528614,0.8829860631985649,0.3965476190476191
953,0.48980021030494214,0.8842279563957499,0.396
954,0.48986029743127535,0.8842279563957499,0.39573333333333327
955,0.48989034099444195,0.8843659445287705,0.39533333333333337
956,0.48989034099444195,0.8845039326617911,0.3953333333333333
957,0.4899504281207751,0.8845039326617911,0.3948
958,0.4899504281207751,0.8846419207948116,0.39466666666666667
959,0.4899804716839417,0.8846419207948116,0.3945
960,0.4949376596064293,0.8862977783910584,0.394
961,0.4951179209854289,0.8862977783910584,0.393
962,0.49523809523809526,0.8862977783910584,0.3928809523809522
963,0.4952981823644284,0.8862977783910584,0.39239999999999997
964,0.5002253267237494,0.8878156478542846,0.392
965,0.5003455009764158,0.8878156478542846,0.39121212121212123
966,0.5004055881027489,0.8878156478542846,0.391
967,0.5004957187922487,0.8878156478542846,0.3902452380952382
968,0.5046116869460718,0.8893335173175106,0.39
969,0.5046717740724049,0.8893335173175106,0.3895
970,0.5047318611987381,0.8893335173175106,0.3893333333333333
971,0.5047619047619047,0.8894715054505312,0.389
972,0.5049421661409043,0.8894715054505312,0.3881666666666666
973,0.5088778729157278,0.8909893749137574,0.388
974,0.5089079164788944,0.8909893749137574,0.38733333333333336
975,0.508937960042061,0.8912653511797985,0.3872317460317459
976,0.508937960042061,0.8914033393128191,0.3872
977,0.5089680036052275,0.8914033393128191,0.3865
978,0.5089680036052275,0.8915413274458397,0.38639999999999997
979,0.5090280907315607,0.8915413274458397,0.38601428571428575
980,0.5135346252065495,0.8934731613081275,0.386
981,0.5138350608382154,0.8934731613081275,0.3846
982,0.5139251915277152,0.8934731613081275,0.3842380952380951
983,0.5182815081868709,0.8948530426383331,0.384
984,0.5185218566922037,0.8948530426383331,0.38222222222222224
985,0.5231485654198588,0.896784876500621,0.382
986,0.5232687396725252,0.8969228646336415,0.3817714285714285
987,0.5234790446146913,0.8969228646336415,0.3811666666666667
988,0.5235992188673577,0.8969228646336415,0.38099999999999995
989,0.5237494366831906,0.8969228646336415,0.3805
990,0.5237494366831906,0.897060852766662,0.38006666666666666
991,0.5278053177106805,0.8994066510280115,0.38
992,0.52798557908968,0.8994066510280115,0.3794
993,0.5280456662160132,0.8994066510280115,0.3793333333333333
994,0.528135796905513,0.8994066510280115,0.3791333333333333
995,0.5281958840318461,0.8994066510280115,0.379
996,0.5282259275950127,0.8994066510280115,0.3788333333333333
997,0.528286014721346,0.8994066510280115,0.3785
998,0.5283761454108458,0.8994066510280115,0.3783333333333333
999,0.533213159080667,0.9003725679591555,0.378
1000,0.5333633768964999,0.9003725679591555,0.3772
1001,0.5333934204596665,0.9005105560921761,0.377
1002,0.5333934204596665,0.9006485442251966,0.3768
1003,0.538140303439988,0.902718366220505,0.376
1004,0.5381703470031546,0.902718366220505,0.3759285714285714
1005,0.5381703470031546,0.9028563543535256,0.3758666666666667
1006,0.5382905212558209,0.9028563543535256,0.3755
1007,0.5383506083821541,0.9028563543535256,0.3753333333333333
1008,0.5384707826348205,0.9028563543535256,0.3744666666666666
1009,0.5425867507886435,0.9043742238167518,0.374
1010,0.5425867507886435,0.9045122119497723,0.3738
1011,0.5428270992939762,0.9045122119497723,0.37240000000000006
1012,0.5428270992939762,0.9046502000827928,0.3722
1013,0.5428571428571428,0.9046502000827928,0.37216666666666665
1014,0.5471533723899654,0.9056161170139368,0.372
1015,0.547183415953132,0.9056161170139368,0.3719746031746032
1016,0.5472735466426318,0.9056161170139368,0.37175
1017,0.5473035902057984,0.9056161170139368,0.3712
1018,0.5473937208952981,0.9056161170139368,0.371
1019,0.5474237644584647,0.9056161170139368,0.3709102675102674
1020,0.547483851584798,0.9056161170139368,0.3706666666666667
1021,0.5476040258374644,0.9056161170139368,0.3705
1022,0.5476040258374644,0.9057541051469573,0.37039999999999995
1023,0.5476340694006309,0.9057541051469573,0.37026666666666663
1024,0.5517199939912873,0.9068580102111219,0.37
1025,0.5518702118071204,0.9068580102111219,0.36905714285714286
1026,0.5519302989334535,0.9068580102111219,0.369
1027,0.5519603424966201,0.9068580102111219,0.3688666666666667
1028,0.5519603424966201,0.9069959983441424,0.3688
1029,0.5520204296229533,0.9069959983441424,0.36873809523809525
1030,0.5520504731861199,0.9071339864771629,0.3686666666666667
1031,0.5520805167492865,0.9071339864771629,0.3683611111111111
1032,0.5560462670872766,0.9082378915413274,0.368
1033,0.5562565720294427,0.9082378915413274,0.3675
1034,0.5562565720294427,0.908375879674348,0.3674666666666667
1035,0.5564368334084422,0.908375879674348,0.3663333333333333
1036,0.5606128886885985,0.9092038084724714,0.366
1037,0.5606729758149317,0.9092038084724714,0.36573333333333335
1038,0.5608231936307646,0.9092038084724714,0.3650571428571429
1039,0.5608832807570978,0.9094797847385125,0.3643333333333334
1040,0.5609133243202644,0.9094797847385125,0.36420952380952376
1041,0.5609133243202644,0.909617772871533,0.36413809523809526
1042,0.5654499023584197,0.9107216779356976,0.364
1043,0.5656602073005859,0.9107216779356976,0.36273333333333335
1044,0.5656602073005859,0.910859666068718,0.36269999999999997
1045,0.5656902508637525,0.910859666068718,0.3620952380952381
1046,0.5702268289019078,0.9115496067338209,0.362
1047,0.5703770467177407,0.9115496067338209,0.3612666666666666
1048,0.5703770467177407,0.9116875948668415,0.361
1049,0.5705573080967403,0.9116875948668415,0.3601666666666667
1050,0.5748535376295628,0.9126535117979854,0.36
1051,0.5748535376295628,0.912791499931006,0.3595
1052,0.5748835811927294,0.912791499931006,0.35933333333333334
1053,0.5748835811927294,0.9129294880640265,0.35919999999999996
1054,0.5749436683190626,0.9129294880640265,0.35917857142857157
1055,0.5749737118822292,0.9129294880640265,0.35873333333333335
1056,0.5750337990085624,0.9129294880640265,0.3586666666666667
1057,0.575063842571729,0.9129294880640265,0.35862857142857146
1058,0.575063842571729,0.9130674761970471,0.35833333333333334
1059,0.5750938861348956,0.9130674761970471,0.3581333333333333
1060,0.5792398978518852,0.9148613219263143,0.358
1061,0.5792699414150518,0.9148613219263143,0.3578
1062,0.579330028541385,0.9148613219263143,0.35768412698412694
1063,0.579330028541385,0.9149993100593349,0.35766666666666663
1064,0.5794201592308847,0.9149993100593349,0.35733333333333334
1065,0.579480246357218,0.9151372981923555,0.357
1066,0.5796905512993841,0.9151372981923555,0.35600000000000004
1067,0.5835060838215412,0.9166551676555816,0.356
1068,0.5836262580742076,0.9166551676555816,0.3553333333333334
1069,0.5837163887637074,0.9166551676555816,0.35490000000000005
1070,0.5837764758900406,0.9166551676555816,0.3545
1071,0.5838666065795404,0.9166551676555816,0.35443412698412685
1072,0.583896650142707,0.9166551676555816,0.3543333333333334
1073,0.587862400480697,0.9178970608527667,0.354
1074,0.5879825747333634,0.9178970608527667,0.35306666666666664
1075,0.5881327925491964,0.9178970608527667,0.353
1076,0.5883130539281959,0.9178970608527667,0.35200000000000004
1077,0.5926693705873517,0.91872498965089,0.352
1078,0.592939762655851,0.91872498965089,0.3506666666666667
1079,0.592939762655851,0.9188629777839106,0.3503333333333334
1080,0.5929698062190176,0.9188629777839106,0.35013333333333335
1081,0.5979870812678384,0.9205188353801573,0.35
1082,0.5981072555205047,0.9205188353801573,0.34937142857142856
1083,0.5981973862100045,0.9205188353801573,0.3491666666666668
1084,0.598377647589004,0.9205188353801573,0.3481722222222222
1085,0.6027640078113264,0.9212087760452601,0.348
1086,0.6028240949376596,0.9212087760452601,0.3474
1087,0.6028841820639927,0.9212087760452601,0.3473333333333334
1088,0.6029743127534926,0.9212087760452601,0.34724999999999995
1089,0.603094487006159,0.9212087760452601,0.34682933177933184
1090,0.6032447048219919,0.9212087760452601,0.3461
1091,0.607871413549647,0.9224506692424451,0.346
1092,0.6079915878023133,0.9224506692424451,0.3455484126984127
1093,0.6080817184918131,0.9224506692424451,0.34537110242698504
1094,0.6081418056181463,0.9224506692424451,0.3453333333333333
1095,0.6082018927444794,0.9224506692424451,0.345
1096,0.6083821541234791,0.9224506692424451,0.3446666666666667
1097,0.6083821541234791,0.9225886573754657,0.3445
1098,0.6084722848129788,0.9225886573754657,0.34424444444444446
1099,0.6128286014721346,0.923140609907548,0.344
1100,0.6128586450353012,0.923140609907548,0.34391428571428573
1101,0.6129187321616344,0.923140609907548,0.3432
1102,0.612948775724801,0.923140609907548,0.3428831890331891
1103,0.6130088628511341,0.923140609907548,0.3426666666666667
1104,0.6130989935406339,0.923140609907548,0.3421666666666667
1105,0.616764308246958,0.9246584793707742,0.342
1106,0.6167943518101247,0.9246584793707742,0.3418
1107,0.6167943518101247,0.9247964675037946,0.34175
1108,0.6168844824996245,0.9247964675037946,0.34115151515151515
1109,0.6170046567522908,0.9247964675037946,0.341
1110,0.6170947874417906,0.9249344556368152,0.34081666666666693
1111,0.6171548745681238,0.9249344556368152,0.34024047619047626
1112,0.6216313654799459,0.9260383607009797,0.34
1113,0.6216313654799459,0.9263143369670208,0.33976666666666666
1114,0.6218717139852786,0.9263143369670208,0.3383333333333334
1115,0.6259275950127685,0.9274182420311853,0.338
1116,0.6259576385759351,0.9274182420311853,0.33771428571428574
1117,0.6259576385759351,0.9275562301642059,0.3373333333333333
1118,0.6260177257022683,0.9275562301642059,0.3370619047619048
1119,0.626107856391768,0.9275562301642059,0.337
1120,0.626107856391768,0.9276942182972264,0.3368
1121,0.6262881177707676,0.9276942182972264,0.3361666666666666
1122,0.6305843473035903,0.9286601352283703,0.336
1123,0.6306444344299234,0.9286601352283703,0.33533333333333337
1124,0.6307646086825898,0.9286601352283703,0.335
1125,0.6308547393720896,0.9286601352283703,0.3343333333333333
1126,0.6346101847679134,0.9297640402925348,0.334
1127,0.6346101847679134,0.9299020284255554,0.3338880952380952
1128,0.6347303590205798,0.9299020284255554,0.33285714285714285
1129,0.6347604025837464,0.9300400165585759,0.3326666666666666
1130,0.6348204897100796,0.9300400165585759,0.3320142857142857
1131,0.639357067748235,0.9307299572236788,0.332
1132,0.6395072855640679,0.9307299572236788,0.33142857142857146
1133,0.6395673726904011,0.9307299572236788,0.3313357142857144
1134,0.6396575033799009,0.9307299572236788,0.33111825396825395
1135,0.639717590506234,0.9307299572236788,0.331
1136,0.6398077211957338,0.9307299572236788,0.3306666666666666
1137,0.6437734715337239,0.9315578860218021,0.33
1138,0.6437734715337239,0.9316958741548227,0.32983333333333337
1139,0.6438035150968905,0.9316958741548227,0.3295571428571429
1140,0.6438636022232237,0.9316958741548227,0.3293333333333333
1141,0.6440138200390566,0.9316958741548227,0.32825
1142,0.648760703019378,0.9326617910859666,0.328
1143,0.6488508337088779,0.9326617910859666,0.3273333333333333
1144,0.6488508337088779,0.9327997792189872,0.32712380952380954
1145,0.6489109208352111,0.9327997792189872,0.327
1146,0.6489409643983777,0.9327997792189872,0.32666666666666666
1147,0.6490010515247109,0.9327997792189872,0.3266666666666666
1148,0.649061138651044,0.9327997792189872,0.3263333333333333
1149,0.6491212257773772,0.9327997792189872,0.326241341991342
1150,0.6491813129037104,0.9327997792189872,0.326195238095238
1151,0.6530869761153673,0.9340416724161722,0.326
1152,0.6531470632417005,0.9340416724161722,0.32576190476190475
1153,0.6532371939312003,0.9340416724161722,0.32566666666666666
1154,0.6533573681838666,0.9340416724161722,0.32551111111111103
1155,0.6533874117470332,0.9340416724161722,0.3255
1156,0.6533874117470332,0.9341796605491928,0.3253333333333333
1157,0.6536277602523659,0.9341796605491928,0.3241502886002886
1158,0.6573832056481899,0.9351455774803367,0.324
1159,0.657593510590356,0.9351455774803367,0.3230166666666668
1160,0.6576535977166892,0.9352835656133572,0.323
1161,0.657743728406189,0.9352835656133572,0.3226666666666666
1162,0.657743728406189,0.9354215537463778,0.32216666666666655
1163,0.6622502628811777,0.9358355181454395,0.322
1164,0.6622803064443443,0.9358355181454395,0.3212
1165,0.6623403935706775,0.9358355181454395,0.3206666666666667
1166,0.6624906113865104,0.9358355181454395,0.3202
1167,0.6626107856391769,0.9359735062784601,0.3201578643578643
1168,0.666786840919333,0.9374913757416862,0.32
1169,0.6668469280456663,0.9374913757416862,0.31906666666666667
1170,0.6669671022983326,0.9374913757416862,0.319
1171,0.6670572329878324,0.9374913757416862,0.3183333333333333
1172,0.6671173201141656,0.9374913757416862,0.3180388888888889
1173,0.6709929397626558,0.9379053401407479,0.318
1174,0.671053026888989,0.9379053401407479,0.31728333333333325
1175,0.6711431575784889,0.9379053401407479,0.31633333333333336
1176,0.675619648490311,0.9388712570718918,0.316
1177,0.675619648490311,0.9390092452049124,0.31589999999999996
1178,0.6757698663061439,0.9390092452049124,0.31518571428571424
1179,0.6757999098693105,0.9391472333379329,0.315
1180,0.67598017124831,0.9391472333379329,0.3141666666666667
1181,0.6796154423914677,0.9399751621360563,0.314
1182,0.6798557908968004,0.9399751621360563,0.31226666666666664
1183,0.6834309749136248,0.9410790672002208,0.312
1184,0.6834910620399579,0.9410790672002208,0.31125
1185,0.6836412798557909,0.9410790672002208,0.311
1186,0.6837914976716238,0.9410790672002208,0.3101238095238095
1187,0.6876671173201142,0.9419069959983442,0.31
1188,0.6877272044464473,0.9419069959983442,0.30974444444444443
1189,0.6877272044464473,0.9420449841313647,0.3093333333333333
1190,0.6879074658254469,0.9420449841313647,0.3080333333333333
1191,0.6920835211056031,0.942872912929488,0.308
1192,0.6922938260477692,0.942872912929488,0.30698095238095235
1193,0.6923238696109358,0.9430109010625086,0.3067
1194,0.692383956737269,0.9430109010625086,0.30666666666666664
1195,0.692534174553102,0.9430109010625086,0.30616666666666664
1196,0.6958990536277603,0.9437008417276114,0.306
1197,0.6960793150067598,0.9437008417276114,0.30433333333333334
1198,0.7002253267237495,0.945080723057817,0.304
1199,0.7003154574132492,0.945080723057817,0.3034
1200,0.7003755445395824,0.945080723057817,0.30333333333333334
1201,0.7003755445395824,0.9452187111908376,0.3033333333333333
1202,0.7006759801712483,0.9452187111908376,0.3022
1203,0.7039507285564068,0.946046639988961,0.302
1204,0.7040108156827399,0.946046639988961,0.3016919047619048
1205,0.7040108156827399,0.9461846281219816,0.30151428571428573
1206,0.7042211206249062,0.9461846281219816,0.30010000000000003
1207,0.7081868709628962,0.9475645094521871,0.3
1208,0.7082469580892293,0.9475645094521871,0.29957142857142854
1209,0.7082469580892293,0.9478404857182282,0.29933333333333334
1210,0.7083070452155625,0.9478404857182282,0.2991666666666667
1211,0.7083370887787291,0.9479784738512488,0.2990444444444444
1212,0.7083671323418957,0.9479784738512488,0.299
1213,0.7083671323418957,0.9481164619842694,0.29895000000000005
1214,0.7084873065945622,0.9481164619842694,0.2981071428571429
1215,0.7127234490010516,0.9485304263833311,0.298
1216,0.7128436232537179,0.9485304263833311,0.2967261904761905
1217,0.7128436232537179,0.9486684145163516,0.2963238095238095
1218,0.7164788943968755,0.949496343314475,0.296
1219,0.7165690250863752,0.949496343314475,0.29523333333333335
1220,0.716659155775875,0.949496343314475,0.295
1221,0.716659155775875,0.9496343314474955,0.2948333333333334
1222,0.7166891993390416,0.9496343314474955,0.29480194805194804
1223,0.7166891993390416,0.9497723195805161,0.2945
1224,0.7167492864653748,0.9497723195805161,0.2942666666666667
1225,0.7168995042812077,0.9497723195805161,0.29415238095238094
1226,0.7169295478443743,0.9497723195805161,0.29410000000000003
1227,0.7209553853086976,0.95073823651166,0.294
1228,0.7209854288718642,0.95073823651166,0.2938333333333334
1229,0.7210755595613639,0.95073823651166,0.2935
1230,0.7212858645035302,0.95073823651166,0.2924
1231,0.7212858645035302,0.9508762246446806,0.2923333333333334
1232,0.7213159080666968,0.9508762246446806,0.2921904761904762
1233,0.7249211356466877,0.951980129708845,0.292
1234,0.7251614841520204,0.951980129708845,0.2910492063492064
1235,0.7252215712783536,0.951980129708845,0.291
1236,0.7253717890941865,0.951980129708845,0.2902222222222222
1237,0.729457713684843,0.9525320822409272,0.29
1238,0.7296379750638425,0.9525320822409272,0.2885
1239,0.729758149316509,0.9525320822409272,0.2883698412698413
1240,0.7298482800060088,0.9525320822409272,0.28806190476190474
1241,0.7331530719543338,0.9534979991720712,0.288
1242,0.7335135947123329,0.9534979991720712,0.2866666666666666
1243,0.7335135947123329,0.9536359873050918,0.28617380952380955
1244,0.7335436382754995,0.9536359873050918,0.2861428571428571
1245,0.7372690401081569,0.9540499517041534,0.286
1246,0.7373591707976566,0.9540499517041534,0.28503564213564203
1247,0.7374192579239898,0.9540499517041534,0.285
1248,0.737479345050323,0.9540499517041534,0.2842857142857143
1249,0.7413549646988132,0.9548778805022768,0.284
1250,0.7413850082619798,0.9548778805022768,0.2838547619047619
1251,0.7413850082619798,0.9550158686352974,0.2837999999999999
1252,0.7416253567673126,0.9550158686352974,0.28220000000000006
1253,0.7449301487156377,0.9557058093004002,0.282
1254,0.7449902358419709,0.9557058093004002,0.2816
1255,0.7450503229683041,0.9557058093004002,0.2815
1256,0.7452305843473036,0.9557058093004002,0.28025
1257,0.7493165089379601,0.9562577618324825,0.28
1258,0.7495268138801262,0.9562577618324825,0.27894285714285716
1259,0.7495268138801262,0.9563957499655029,0.2786666666666666
1260,0.7495869010064594,0.9563957499655029,0.27823333333333333
1261,0.7528616493916178,0.9572236787636264,0.278
1262,0.7531019978969505,0.9572236787636264,0.2761761904761905
1263,0.7561063542136097,0.957637643162688,0.276
1264,0.7562565720294427,0.957637643162688,0.27516666666666667
1265,0.7563166591557758,0.957637643162688,0.275
1266,0.7563166591557758,0.9579136194287291,0.27466666666666667
1267,0.7563467027189424,0.9579136194287291,0.2746666666666666
1268,0.7564668769716089,0.9580516075617497,0.274481746031746
1269,0.7564969205347755,0.9580516075617497,0.27418888888888887
1270,0.7600721045515998,0.958603560093832,0.274
1271,0.7601021481147664,0.958603560093832,0.27366666666666667
1272,0.7601622352410996,0.958603560093832,0.2735
1273,0.7601622352410996,0.9587415482268525,0.2732
1274,0.7602223223674328,0.9587415482268525,0.27287142302142303
1275,0.7602223223674328,0.958879536359873,0.2724
1276,0.7602523659305994,0.958879536359873,0.27233333333333337
1277,0.7636172450052576,0.9595694770249759,0.272
1278,0.7637073756947574,0.9595694770249759,0.27155555555555555
1279,0.7637073756947574,0.9597074651579964,0.2715
1280,0.7637674628210905,0.9597074651579964,0.2713333333333333
1281,0.7637674628210905,0.959845453291017,0.27125
1282,0.7638575935105903,0.959845453291017,0.270663492063492
1283,0.7638575935105903,0.9599834414240376,0.2704571428571429
1284,0.767042211206249,0.9606733820891403,0.27
1285,0.7671323418957489,0.9606733820891403,0.2693333333333333
1286,0.7671623854589155,0.9608113702221609,0.2692
1287,0.7671924290220821,0.9608113702221609,0.26913333333333334
1288,0.7672224725852486,0.9609493583551815,0.269
1289,0.767342646837915,0.9609493583551815,0.2686666666666666
1290,0.7674027339642482,0.9609493583551815,0.26816666666666666
1291,0.7708577437284062,0.9615013108872636,0.268
1292,0.7708577437284062,0.9617772871533048,0.2677999999999999
1293,0.7709478744179059,0.9617772871533048,0.267
1294,0.7709478744179059,0.9619152752863254,0.26666666666666666
1295,0.7710079615442391,0.9619152752863254,0.2666666666666666
1296,0.7710980922337389,0.9619152752863254,0.2661428571428572
1297,0.775063842571729,0.9627432040844487,0.266
1298,0.7750938861348956,0.9627432040844487,0.2659095238095238
1299,0.7750938861348956,0.9628811922174693,0.26566666666666666
1300,0.7751239296980622,0.9628811922174693,0.2656
1301,0.7751840168243954,0.9628811922174693,0.2655
1302,0.7752441039507285,0.9628811922174693,0.26480000000000004
1303,0.7753342346402283,0.9628811922174693,0.26466666666666666
1304,0.7753642782033949,0.9628811922174693,0.2646452380952381
1305,0.7753642782033949,0.9630191803504898,0.26413333333333333
1306,0.7783986780832207,0.9639850972816337,0.264
1307,0.7784287216463872,0.9639850972816337,0.2638333333333333
1308,0.7784287216463872,0.9641230854146543,0.26376666666666665
1309,0.7784587652095538,0.9641230854146543,0.2635
1310,0.7784587652095538,0.9642610735476749,0.2631309523809524
1311,0.778518852335887,0.9642610735476749,0.263
1312,0.778518852335887,0.9643990616806954,0.26280000000000003
1313,0.77866907015172,0.9643990616806954,0.26214096459096486
1314,0.7817034700315457,0.9646750379467366,0.262
1315,0.7817635571578789,0.9646750379467366,0.26155555555555554
1316,0.7818236442842121,0.9646750379467366,0.261
1317,0.7819438185368784,0.9646750379467366,0.26026666666666665
1318,0.7855490461168695,0.9657789430109011,0.26
1319,0.785879525311702,0.9657789430109011,0.25831844103608803
1320,0.7860297431275349,0.9657789430109011,0.258084920634921
1321,0.7860898302538681,0.9657789430109011,0.25805
1322,0.7893645786390265,0.9661929074099628,0.258
1323,0.7894246657653597,0.9661929074099628,0.2574333333333333
1324,0.789484752891693,0.9663308955429833,0.25733333333333336
1325,0.7895448400180262,0.9663308955429833,0.25716666666666665
1326,0.7896349707075259,0.9663308955429833,0.25666666666666665
1327,0.7896950578338591,0.9663308955429833,0.2565
1328,0.7897551449601923,0.9663308955429833,0.25620000000000004
1329,0.7899053627760252,0.9663308955429833,0.2561452380952381
1330,0.7926693705873517,0.966744859942045,0.256
1331,0.7927294577136849,0.966744859942045,0.25575
1332,0.792939762655851,0.966744859942045,0.25526067266067315
1333,0.7929998497821842,0.966744859942045,0.25525
1334,0.7931200240348505,0.966744859942045,0.2545
1335,0.7931801111611837,0.966744859942045,0.2541
1336,0.7964248159831756,0.9674348006071478,0.254
1337,0.7965149466726754,0.9674348006071478,0.2535
1338,0.7965750337990085,0.9674348006071478,0.253
1339,0.7966050773621751,0.9674348006071478,0.2522666666666667
1340,0.8000600871263331,0.9682627294052711,0.252
1341,0.8000901306894997,0.9682627294052711,0.2519865079365079
1342,0.800150217815833,0.9682627294052711,0.25171904761904756
1343,0.8002403485053328,0.9682627294052711,0.2513333333333333
1344,0.8002403485053328,0.9684007175382917,0.25102380952380954
1345,0.8003004356316659,0.9684007175382917,0.251
1346,0.8003304791948325,0.9684007175382917,0.2509666666666666
1347,0.8003905663211657,0.9684007175382917,0.2503666666666667
1348,0.8004506534474989,0.9684007175382917,0.25016666666666665
1349,0.8037854889589905,0.9685387056713123,0.25
1350,0.8039056632116569,0.9685387056713123,0.2492333333333333
1351,0.8039657503379901,0.9685387056713123,0.24919999999999998
1352,0.8040859245906564,0.9685387056713123,0.24841111111111114
1353,0.8042060988433228,0.9685387056713123,0.248165223665224
1354,0.807570977917981,0.9690906582033945,0.248
1355,0.8077211957338141,0.9690906582033945,0.247
1356,0.8077812828601472,0.9690906582033945,0.24683095238095235
1357,0.8078413699864804,0.9690906582033945,0.2465
1358,0.8078413699864804,0.969228646336415,0.2464095238095238
1359,0.807871413549647,0.969228646336415,0.2464
1360,0.8112062490611387,0.9697805988684973,0.246
1361,0.8112663361874718,0.9697805988684973,0.24516666666666664
1362,0.8113865104401382,0.9697805988684973,0.2446666666666667
1363,0.8115667718191377,0.9697805988684973,0.2440809523809524
1364,0.814420910319964,0.9703325514005795,0.244
1365,0.8145410845726303,0.9703325514005795,0.2429746031746032
1366,0.8145410845726303,0.9704705395336001,0.24285714285714285
1367,0.8146011716989635,0.9704705395336001,0.24283333333333335
1368,0.8146011716989635,0.9706085276666206,0.24270000000000005
1369,0.8146612588252967,0.9706085276666206,0.2426666666666667
1370,0.8146913023884633,0.9707465157996412,0.24266666666666667
1371,0.8147213459516298,0.9707465157996412,0.2424
1372,0.8174252666366231,0.9715744445977645,0.242
1373,0.8175454408892895,0.9715744445977645,0.2415
1374,0.8175454408892895,0.9717124327307851,0.24134999999999998
1375,0.8176055280156227,0.9717124327307851,0.24000000000000002
1376,0.8212407991587802,0.9721263971298468,0.24
1377,0.8214210605377797,0.9721263971298468,0.23876190476190498
1378,0.821481147664113,0.9721263971298468,0.23851269841269843
1379,0.8215412347904462,0.9721263971298468,0.23833333333333334
1380,0.8244855039807721,0.9726783496619291,0.238
1381,0.8245455911071053,0.9726783496619291,0.2378206349206349
1382,0.8245455911071053,0.9728163377949496,0.23736666666666667
1383,0.8245756346702718,0.9728163377949496,0.2373333333333333
1384,0.8247859396124381,0.9728163377949496,0.23723333333333332
1385,0.8249662009914376,0.9728163377949496,0.2363095238095238
1386,0.8279104701817636,0.9730923140609907,0.236
1387,0.8280006008712634,0.9730923140609907,0.23525
1388,0.8280606879975965,0.9730923140609907,0.2352
1389,0.8281508186870963,0.9730923140609907,0.23466666666666666
1390,0.8311251314405889,0.973644266593073,0.234
1391,0.8311551750037555,0.973644266593073,0.2335
1392,0.8312152621300887,0.973644266593073,0.23333333333333334
1393,0.8312753492564218,0.973644266593073,0.23266666666666666
1394,0.8345500976415803,0.9737822547260936,0.232
1395,0.8346702718942467,0.9737822547260936,0.23066666666666666
1396,0.8375844975214061,0.9741962191251552,0.23
1397,0.8376445846477393,0.9741962191251552,0.22932380952380957
1398,0.8377046717740724,0.9741962191251552,0.22925
1399,0.8377948024635722,0.9741962191251552,0.22866666666666668
1400,0.8404987231485654,0.9748861597902581,0.228
1401,0.8405888538380651,0.9748861597902581,0.22785714285714287
1402,0.8407691152170648,0.9748861597902581,0.227
1403,0.8410094637223975,0.9748861597902581,0.2260404761904762
1404,0.8435331230283911,0.9757140885883814,0.226
1405,0.8436833408442241,0.9757140885883814,0.22466666666666665
1406,0.8468078714135496,0.975852076721402,0.224
1407,0.8468679585398828,0.975852076721402,0.2236
1408,0.8468679585398828,0.9759900648544225,0.22355714285714287
1409,0.847078263482049,0.9759900648544225,0.2225
1410,0.8496319663512093,0.9765420173865048,0.222
1411,0.8496920534775424,0.9765420173865048,0.22171428571428572
1412,0.8496920534775424,0.9766800055195253,0.22166666666666665
1413,0.849722097040709,0.9766800055195253,0.22151305916305916
1414,0.8497821841670422,0.9766800055195253,0.221
1415,0.849872314856542,0.9766800055195253,0.22065714285714289
1416,0.8499324019828751,0.9766800055195253,0.2204
1417,0.8499624455460417,0.9766800055195253,0.22014285714285714
1418,0.8529067147363677,0.9772319580516076,0.22
1419,0.8529668018627009,0.9772319580516076,0.21903333333333333
1420,0.8529668018627009,0.9773699461846281,0.219
1421,0.8530268889890341,0.9773699461846281,0.2185333333333333
1422,0.8559711581793601,0.9775079343176487,0.218
1423,0.8560012017425267,0.9775079343176487,0.21769559884559883
1424,0.856121375995193,0.9775079343176487,0.21678333333333327
1425,0.8561814631215262,0.9775079343176487,0.21649488289488297
1426,0.8562115066846928,0.9775079343176487,0.21609999999999993
1427,0.8587351659906864,0.9784738512487926,0.216
1428,0.8588252966801863,0.9784738512487926,0.215
1429,0.8588252966801863,0.9786118393818132,0.21496666666666664
1430,0.8588553402433529,0.9787498275148337,0.21495714285714293
1431,0.8589154273696861,0.9787498275148337,0.2145
1432,0.8614390866756797,0.9790258037808749,0.214
1433,0.8615292173651795,0.9790258037808749,0.21333333333333332
1434,0.8616493916178459,0.9790258037808749,0.2131809523809524
1435,0.8617395223073456,0.9790258037808749,0.21206666666666665
1436,0.8644133994291723,0.9797157444459776,0.212
1437,0.8645335736818387,0.9797157444459776,0.21059365079365083
1438,0.8646837914976716,0.9797157444459776,0.21041933621933642
1439,0.8647438786240048,0.9797157444459776,0.21032857142857142
1440,0.8648640528766711,0.9797157444459776,0.2100952380952381
1441,0.8677181913774974,0.9799917207120188,0.21
1442,0.8677181913774974,0.9801297088450394,0.20996666666666666
1443,0.8678083220669971,0.9801297088450394,0.2087
1444,0.8678083220669971,0.9802676969780599,0.2085952380952381
1445,0.8678383656301637,0.9802676969780599,0.2084
1446,0.8710229833258224,0.9809576376431627,0.208
1447,0.8711732011416554,0.9809576376431627,0.20628205128205127
1448,0.8735766861949827,0.9812336139092038,0.206
1449,0.8736067297581493,0.9812336139092038,0.20591666666666666
1450,0.8736668168844824,0.9813716020422244,0.20566666666666666
1451,0.8738170347003155,0.9813716020422244,0.2044
1452,0.8763106504431426,0.9820615427073272,0.204
1453,0.8765209553853087,0.9820615427073272,0.20206666666666667
1454,0.878924440438636,0.9824755071063889,0.202
1455,0.8789845275649693,0.9824755071063889,0.20133333333333334
1456,0.8789845275649693,0.9826134952394094,0.2013333333333333
1457,0.8790145711281357,0.9826134952394094,0.2011904761904762
1458,0.879074658254469,0.98275148337243,0.20110901875901896
1459,0.8791347453808022,0.98275148337243,0.2004
1460,0.8821391016974613,0.983027459638471,0.2
1461,0.8821991888237946,0.983027459638471,0.19906666666666667
1462,0.8822592759501277,0.9831654477714916,0.199
1463,0.8823193630764609,0.9831654477714916,0.1984
1464,0.8845726303139553,0.9834414240375328,0.198
1465,0.884812978819288,0.9834414240375328,0.1966
1466,0.8874267688147814,0.9837174003035739,0.196
1467,0.8875469430674477,0.9837174003035739,0.19466666666666665
1468,0.8875469430674477,0.9838553884365945,0.1945
1469,0.8875769866306144,0.9838553884365945,0.19435476190476192
1470,0.8898302538681088,0.983993376569615,0.194
1471,0.8899203845576086,0.983993376569615,0.19301666666666667
1472,0.8899203845576086,0.9841313647026356,0.193
1473,0.8900405588102749,0.9841313647026356,0.19219999999999998
1474,0.8929547844374343,0.9848213053677384,0.192
1475,0.8930749586901007,0.984959293500759,0.19169552669552692
1476,0.8931350458164339,0.984959293500759,0.19133333333333336
1477,0.893195132942767,0.984959293500759,0.191
1478,0.8933153071954334,0.984959293500759,0.1901857142857143
1479,0.8956587051224275,0.9853732578998207,0.19
1480,0.8956887486855941,0.9853732578998207,0.18966666666666665
1481,0.8956887486855941,0.9855112460328411,0.189
1482,0.8957187922487607,0.9855112460328411,0.1885
1483,0.8978218416704221,0.9859252104319028,0.188
1484,0.8979119723599219,0.9859252104319028,0.1865
1485,0.9004356316659156,0.9866151510970057,0.186
1486,0.9005257623554154,0.9866151510970057,0.1852714285714285
1487,0.9005858494817486,0.9866151510970057,0.185
1488,0.9006158930449151,0.9866151510970057,0.18466666666666665
1489,0.9028691602824095,0.9867531392300262,0.184
1490,0.9029292474087427,0.9867531392300262,0.18395158730158728
1491,0.9030193780982424,0.9867531392300262,0.18371666666666667
1492,0.9030794652245756,0.9867531392300262,0.18367857142857144
1493,0.9030794652245756,0.9868911273630467,0.18366666666666664
1494,0.9031095087877422,0.9870291154960673,0.183
1495,0.903199639477242,0.9870291154960673,0.18211111111111114
1496,0.905633168093736,0.987443079895129,0.182
1497,0.9057533423464023,0.987443079895129,0.18104761904761904
1498,0.9057833859095689,0.9875810680281496,0.1808666666666667
1499,0.9058735165990687,0.9875810680281496,0.18033333333333335
1500,0.9083070452155626,0.9878570442941907,0.18
1501,0.9085774372840619,0.9878570442941907,0.17833333333333332
1502,0.9110109659005559,0.9884089968262729,0.178
1503,0.9110109659005559,0.9885469849592935,0.17771666666666666
1504,0.911071053026889,0.9885469849592935,0.177
1505,0.9111311401532222,0.9885469849592935,0.1761
1506,0.9132642331380502,0.9888229612253346,0.176
1507,0.91335436382755,0.9888229612253346,0.17462857142857147
1508,0.9152170647438786,0.9890989374913758,0.174
1509,0.9153973261228782,0.9890989374913758,0.173
1510,0.9153973261228782,0.9892369256243964,0.17285952380952377
1511,0.9154273696860448,0.9892369256243964,0.17278571428571426
1512,0.915487456812378,0.9892369256243964,0.17275
1513,0.9155475439387112,0.9892369256243964,0.17234494949494947
1514,0.9178909418657053,0.9892369256243964,0.172
1515,0.9180411596815382,0.9892369256243964,0.17020000000000002
1516,0.9180411596815382,0.9893749137574168,0.1701333333333333
1517,0.9199639477242001,0.9895129018904374,0.17
1518,0.9200540784136999,0.9895129018904374,0.1680833333333333
1519,0.921736517951029,0.989650890023458,0.168
1520,0.9218266486405288,0.989650890023458,0.167
1521,0.9218266486405288,0.9897888781564785,0.16685714285714287
1522,0.9219768664563617,0.9897888781564785,0.1663333333333333
1523,0.9220369535826949,0.9897888781564785,0.1661292929292929
1524,0.9242601772570227,0.9899268662894991,0.166
1525,0.9242601772570227,0.9900648544225197,0.16585714285714284
1526,0.9244404386360222,0.9900648544225197,0.16400000000000003
1527,0.9262730959891843,0.9903408306885608,0.164
1528,0.9263932702418507,0.9903408306885608,0.16346666666666668
1529,0.9264533573681839,0.9903408306885608,0.16340952380952384
1530,0.9266035751840168,0.9903408306885608,0.16216666666666668
1531,0.9283160582845126,0.9904788188215814,0.162
1532,0.9283761454108457,0.9904788188215814,0.16086666666666669
1533,0.9284061889740123,0.9906168069546019,0.16040000000000001
1534,0.9299984978218416,0.990892783220643,0.16
1535,0.930118672074508,0.990892783220643,0.15969895937395967
1536,0.9301787592008413,0.990892783220643,0.15906666666666666
1537,0.930268889890341,0.990892783220643,0.159
1538,0.9303890641430074,0.990892783220643,0.15813333333333332
1539,0.9325822442541686,0.9910307713536636,0.158
1540,0.9327024185068349,0.9910307713536636,0.15675158730158734
1541,0.9343247709178308,0.9911687594866841,0.156
1542,0.9344149016073307,0.9911687594866841,0.15542857142857144
1543,0.9344749887336639,0.9911687594866841,0.15466666666666667
1544,0.9345050322968304,0.9911687594866841,0.1544
1545,0.9359471233288268,0.9915827238857459,0.154
1546,0.9360372540183266,0.9915827238857459,0.15262698412698414
1547,0.9379299984978219,0.992134676417828,0.152
1548,0.9380802163136548,0.992134676417828,0.15083333333333332
1549,0.9396725251614841,0.9922726645508486,0.15
1550,0.9397025687246507,0.9922726645508486,0.1496666666666667
1551,0.9397025687246507,0.9925486408168898,0.14966666666666667
1552,0.9398828301036503,0.9925486408168898,0.14835256410256412
1553,0.941595313204146,0.9925486408168898,0.148
1554,0.9417154874568123,0.9925486408168898,0.14633333333333332
1555,0.9433378398678083,0.9926866289499103,0.146
1556,0.9433979269941415,0.9926866289499103,0.14453809523809522
1557,0.9449301487156376,0.9926866289499103,0.144
1558,0.9449301487156376,0.9928246170829309,0.14396666666666666
1559,0.9449601922788042,0.9928246170829309,0.1432777777777778
1560,0.9449601922788042,0.9929626052159515,0.1431818181818182
1561,0.9467027189424666,0.9932385814819925,0.142
1562,0.9467628060687998,0.9932385814819925,0.14025
1563,0.9485053327324621,0.9933765696150131,0.14
1564,0.9485654198587953,0.9933765696150131,0.1396666666666667
1565,0.9486255069851285,0.9933765696150131,0.13866666666666666
1566,0.9486255069851285,0.9935145577480337,0.1383333333333333
1567,0.9496770316959592,0.9936525458810542,0.138
1568,0.9497371188222923,0.9936525458810542,0.1361904761904762
1569,0.9513594712332882,0.9942044984131365,0.136
1570,0.9526213008862852,0.994342486546157,0.134
1571,0.9526813880126183,0.994342486546157,0.1335
1572,0.9527414751389515,0.994342486546157,0.133
1573,0.954243653297281,0.9944804746791776,0.132
1574,0.9542736968604476,0.9944804746791776,0.1303333333333333
1575,0.9552350908817786,0.9948944390782393,0.13
1576,0.9552951780081118,0.9948944390782393,0.12906666666666666
1577,0.9553252215712783,0.9950324272112598,0.12866666666666668
1578,0.9553853086976115,0.9950324272112598,0.12853333333333333
1579,0.9567072254769415,0.9950324272112598,0.128
1580,0.9567673126032747,0.9950324272112598,0.12733333333333333
1581,0.9580591858194382,0.9950324272112598,0.126
1582,0.9581793600721046,0.9950324272112598,0.12466666666666666
1583,0.9582094036352712,0.9951704153442804,0.12416746031746032
1584,0.9594411897251014,0.995308403477301,0.124
1585,0.9595012768514346,0.995308403477301,0.1235
1586,0.9595313204146012,0.9954463916103216,0.1232515873015873
1587,0.9595313204146012,0.995584379743342,0.12253333333333333
1588,0.9595613639777678,0.995584379743342,0.1222
1589,0.9609734114465975,0.995584379743342,0.122
1590,0.9610635421360973,0.9957223678763626,0.12176666666666668
1591,0.961093585699264,0.9958603560093832,0.1217611111111111
1592,0.9611837163887637,0.9958603560093832,0.12066666666666667
1593,0.9613940213309299,0.9958603560093832,0.12056190476190479
1594,0.9627459816734265,0.9962743204084449,0.12
1595,0.9628060687997596,0.9962743204084449,0.11919047619047621
1596,0.9640979420159231,0.9964123085414655,0.118
1597,0.9641279855790896,0.9964123085414655,0.1170095238095238
1598,0.9651494667267538,0.996550296674486,0.116
1599,0.9651795102899204,0.996550296674486,0.11464285714285714
1600,0.9653297281057533,0.996550296674486,0.11410000000000002
1601,0.9663512092534174,0.9966882848075066,0.114
1602,0.9664413399429173,0.9966882848075066,0.11304761904761904
1603,0.9664413399429173,0.9968262729405272,0.113
1604,0.9674327775274147,0.9969642610735476,0.112
1605,0.9684542586750788,0.9969642610735476,0.11
1606,0.9685744329277453,0.9969642610735476,0.10840000000000001
1607,0.969625957638576,0.9969642610735476,0.108
1608,0.9696860447649092,0.9969642610735476,0.1067
1609,0.9704070902809073,0.9969642610735476,0.106
1610,0.9704371338440739,0.9969642610735476,0.10552222222222221
1611,0.9711281357969055,0.9969642610735476,0.104
1612,0.9711882229232387,0.9969642610735476,0.103
1613,0.9712783536127385,0.9969642610735476,0.10266919191919188
1614,0.9713083971759051,0.9969642610735476,0.10246666666666666
1615,0.972269791197236,0.9969642610735476,0.102
1616,0.9723298783235692,0.9969642610735476,0.10041666666666665
1617,0.9731110109659006,0.9971022492065682,0.1
1618,0.9732011416554003,0.9971022492065682,0.09822222222222222
1619,0.9732612287817335,0.9971022492065682,0.09818095238095241
1620,0.9741625356767313,0.9971022492065682,0.098
1621,0.9741925792398979,0.9971022492065682,0.09633333333333334
1622,0.9749737118822293,0.9971022492065682,0.096
1623,0.9750337990085625,0.9971022492065682,0.09466666666666666
1624,0.9758449752140604,0.9971022492065682,0.094
1625,0.9759050623403935,0.9971022492065682,0.09291666666666666
1626,0.9766561514195583,0.9971022492065682,0.092
1627,0.9767162385458915,0.9971022492065682,0.09135555555555554
1628,0.9767462821090581,0.9971022492065682,0.091
1629,0.9775875018777227,0.9971022492065682,0.09
1630,0.9783686345200541,0.9972402373395888,0.088
1631,0.9791197235992188,0.9972402373395888,0.086
1632,0.9795403334835512,0.9972402373395888,0.084
1633,0.9795403334835512,0.9973782254726093,0.08259999999999999
1634,0.9796004206098843,0.9973782254726093,0.08214285714285714
1635,0.9802012918732161,0.9973782254726093,0.082
1636,0.980291422562716,0.9973782254726093,0.08114285714285714
1637,0.9809523809523809,0.9973782254726093,0.08
1638,0.9810124680787141,0.9973782254726093,0.0792
1639,0.9810725552050473,0.9973782254726093,0.07816666666666668
1640,0.9817034700315458,0.9973782254726093,0.078
1641,0.9817335135947123,0.9973782254726093,0.0765
1642,0.9820940363527114,0.9975162136056299,0.076
1643,0.9827249511792099,0.9975162136056299,0.074
1644,0.9828150818687096,0.9975162136056299,0.07266666666666666
1645,0.9830253868108758,0.9975162136056299,0.072
1646,0.9830554303740424,0.9975162136056299,0.07133333333333335
1647,0.9831155175003755,0.9975162136056299,0.0712095238095238
1648,0.9831455610635421,0.9975162136056299,0.0705
1649,0.983746432326874,0.9975162136056299,0.07
1650,0.9838365630163738,0.9975162136056299,0.06973650793650793
1651,0.9838666065795403,0.9975162136056299,0.06971666666666666
1652,0.9843473035902058,0.9975162136056299,0.068
1653,0.9844674778428721,0.9975162136056299,0.06664682539682543
1654,0.9845275649692053,0.9975162136056299,0.06641666666666667
1655,0.984557608532372,0.9975162136056299,0.06633333333333333
1656,0.9852486104852035,0.9975162136056299,0.066
1657,0.9852486104852035,0.9976542017386505,0.065
1658,0.9853086976115367,0.9976542017386505,0.06443333333333331
1659,0.9858494817485354,0.9976542017386505,0.064
1660,0.9860297431275349,0.9976542017386505,0.06375833610833612
1661,0.9861499173802013,0.9976542017386505,0.06263809523809526
1662,0.9865104401382004,0.9976542017386505,0.062
1663,0.9865404837013669,0.9976542017386505,0.06133333333333334
1664,0.9866005708277001,0.9976542017386505,0.06024761904761905
1665,0.9869610935856993,0.9976542017386505,0.06
1666,0.9870211807120325,0.9977921898716711,0.05946666666666666
1667,0.9870812678383656,0.9977921898716711,0.05907619047619047
1668,0.9871713985278654,0.9977921898716711,0.05883333333333332
1669,0.9873817034700315,0.9979301780046916,0.05807619047619049
1670,0.987712182664864,0.9979301780046916,0.058
1671,0.9878023133543639,0.9979301780046916,0.056716666666666665
1672,0.9883731410545291,0.9980681661377122,0.056
1673,0.9884031846176956,0.9980681661377122,0.05558333333333334
1674,0.9887336638125281,0.9980681661377122,0.054
1675,0.9887937509388613,0.9980681661377122,0.05259047619047619
1676,0.9890340994441941,0.9980681661377122,0.052
1677,0.9890941865705273,0.9980681661377122,0.051333333333333335
1678,0.9893044915126934,0.9980681661377122,0.051082051282051275
1679,0.98933453507586,0.9980681661377122,0.0505
1680,0.9895748835811927,0.9980681661377122,0.05
1681,0.9896349707075259,0.9980681661377122,0.048133333333333334
1682,0.9899354063391919,0.9980681661377122,0.048
1683,0.9900555805918582,0.9980681661377122,0.0474
1684,0.9902057984076912,0.9980681661377122,0.046
1685,0.9902358419708578,0.9980681661377122,0.04516666666666667
1686,0.9905963647288568,0.9982061542707327,0.044
1687,0.9907165389815232,0.9982061542707327,0.04233333333333332
1688,0.9907465825446898,0.9982061542707327,0.04221363636363637
1689,0.9908968003605227,0.9982061542707327,0.042
1690,0.990956887486856,0.9982061542707327,0.041666666666666664
1691,0.9909869310500226,0.9982061542707327,0.04103333333333334
1692,0.9910770617395223,0.9982061542707327,0.040857142857142856
1693,0.9915577587501878,0.9982061542707327,0.04
1694,0.9915878023133544,0.9982061542707327,0.03966666666666666
1695,0.9917079765660207,0.9982061542707327,0.037899999999999996
1696,0.9917380201291873,0.9982061542707327,0.037
1697,0.9917981072555205,0.9982061542707327,0.03666666666666667
1698,0.9920384557608533,0.9982061542707327,0.036
1699,0.9920684993240199,0.9982061542707327,0.03567857142857142
1700,0.9921586300135196,0.9982061542707327,0.03540952380952381
1701,0.992278804266186,0.9983441424037532,0.035333333333333335
1702,0.9923689349556858,0.9983441424037532,0.03521774891774892
1703,0.9925491963346853,0.9983441424037532,0.0343
1704,0.9926994141505182,0.9983441424037532,0.034
1705,0.9927595012768514,0.9983441424037532,0.033416666666666664
1706,0.9928496319663512,0.9983441424037532,0.0332
1707,0.993089980471684,0.9983441424037532,0.032
1708,0.9931801111611838,0.9983441424037532,0.0315
1709,0.9932401982875169,0.9983441424037532,0.0305
1710,0.9933303289770167,0.9983441424037532,0.03
1711,0.993600721045516,0.9983441424037532,0.028
1712,0.9937208952981824,0.9984821305367738,0.02771111111111111
1713,0.9939011566771819,0.9984821305367738,0.027151659451659448
1714,0.9939912873666817,0.9984821305367738,0.027104761904761906
1715,0.9942616794351811,0.9984821305367738,0.026
1716,0.9943217665615142,0.9984821305367738,0.025
1717,0.9947123328826799,0.9986201186697944,0.024
1718,0.9947423764458465,0.9986201186697944,0.022071428571428568
1719,0.9950428120775124,0.9986201186697944,0.020296969696969695
1720,0.9951329427670121,0.9986201186697944,0.02
1721,0.9952531170196786,0.998758106802815,0.019066666666666662
1722,0.9953132041460118,0.998758106802815,0.0185
1723,0.9953732912723449,0.9988960949358355,0.018333333333333333
1724,0.9954934655250113,0.9988960949358355,0.018
1725,0.9956136397776776,0.9988960949358355,0.016
1726,0.9956436833408442,0.9990340830688561,0.015211904761904763
1727,0.9959441189725101,0.9990340830688561,0.014931164587046939
1728,0.9960042060988433,0.9991720712018767,0.014666666666666666
1729,0.9961844674778428,0.9991720712018767,0.014083333333333331
1730,0.996244554604176,0.9991720712018767,0.014
1731,0.9963947724200091,0.9993100593348972,0.013261904761904763
1732,0.996544990235842,0.9993100593348972,0.012446753246753246
1733,0.9966651644885083,0.9993100593348972,0.012
1734,0.9967252516148415,0.9995860356009383,0.010066666666666668
1735,0.9969656001201742,0.9995860356009383,0.01
1736,0.9969956436833408,0.9995860356009383,0.009049999999999999
1737,0.9972359921886735,0.9995860356009383,0.008
1738,0.9974763406940063,0.9995860356009383,0.007190476190476191
1739,0.9976265585098393,0.9995860356009383,0.006
1740,0.9977166891993391,0.9995860356009383,0.0045
1741,0.9978068198888388,0.9997240237339589,0.004
1742,0.9979570377046718,0.9997240237339589,0.003999999999999999
1743,0.9984377347153373,0.9998620118669794,0.002
1744,0.9985278654048371,0.9998620118669794,0.0016666666666666668
1745,0.9985879525311702,0.9998620118669794,0.00155
1746,1.0,1.0,0.0
